350,4.047081e-01,-2.721949e-01,1.570170e-01,-8.812155e-02,5.936654e-04,-1.735591e-03,0.000000e+00,-7.083015e-04,9.676232e-04,2.274475e-03,2.464590e-03,-7.391297e-04,0.000000e+00,
351,4.067419e-01,-2.735634e-01,1.578074e-01,-8.856524e-02,6.029455e-04,-1.758141e-03,0.000000e+00,-6.993675e-04,9.692886e-04,2.286450e-03,2.476512e-03,-7.428299e-04,0.000000e+00,
352,4.087820e-01,-2.749327e-01,1.585991e-01,-8.900973e-02,6.184682e-04,-1.794499e-03,0.000000e+00,-6.780200e-04,9.677324e-04,2.298947e-03,2.487909e-03,-7.465459e-04,0.000000e+00,
353,4.108331e-01,-2.763149e-01,1.594035e-01,-8.946299e-02,6.415549e-04,-1.845410e-03,0.000000e+00,-6.438655e-04,9.631042e-04,2.312122e-03,2.499117e-03,-7.502407e-04,0.000000e+00,
354,4.128953e-01,-2.777106e-01,1.602214e-01,-8.992563e-02,6.730927e-04,-1.912356e-03,0.000000e+00,-5.956952e-04,9.551447e-04,2.326024e-03,2.510113e-03,-7.539114e-04,0.000000e+00,
355,4.149688e-01,-2.791193e-01,1.610521e-01,-9.039696e-02,7.117762e-04,-1.993014e-03,0.000000e+00,-5.354942e-04,9.443677e-04,2.340509e-03,2.521009e-03,-7.575665e-04,0.000000e+00,
356,4.170535e-01,-2.805409e-01,1.618953e-01,-9.087683e-02,7.574719e-04,-2.087118e-03,0.000000e+00,-4.635039e-04,9.308325e-04,2.355567e-03,2.531809e-03,-7.612068e-04,0.000000e+00,
357,4.191493e-01,-2.819752e-01,1.627505e-01,-9.136466e-02,8.092920e-04,-2.193294e-03,0.000000e+00,-3.807300e-04,9.146396e-04,2.371214e-03,2.542503e-03,-7.648323e-04,0.000000e+00,
358,4.212565e-01,-2.834220e-01,1.636176e-01,-9.186033e-02,8.671127e-04,-2.311295e-03,0.000000e+00,-2.873950e-04,8.958438e-04,2.387439e-03,2.553095e-03,-7.684438e-04,0.000000e+00,
359,4.233749e-01,-2.848813e-01,1.644963e-01,-9.236367e-02,9.307027e-04,-2.440691e-03,0.000000e+00,-1.838713e-04,8.745330e-04,2.404225e-03,2.563592e-03,-7.720427e-04,0.000000e+00,
360,4.255046e-01,-2.863528e-01,1.653864e-01,-9.287458e-02,1.000009e-03,-2.581401e-03,0.000000e+00,-7.020503e-05,8.506583e-04,2.421629e-03,2.573933e-03,-7.756250e-04,0.000000e+00,
361,4.276456e-01,-2.878367e-01,1.662880e-01,-9.339296e-02,1.074930e-03,-2.733222e-03,0.000000e+00,5.342220e-05,8.242643e-04,2.439644e-03,2.584120e-03,-7.791917e-04,0.000000e+00,
362,4.297981e-01,-2.893326e-01,1.672006e-01,-9.391868e-02,1.155071e-03,-2.895258e-03,0.000000e+00,1.860965e-04,7.956905e-04,2.458172e-03,2.594214e-03,-7.827468e-04,0.000000e+00,
363,4.319620e-01,-2.908407e-01,1.681243e-01,-9.445166e-02,1.240339e-03,-3.067319e-03,0.000000e+00,3.276481e-04,7.649789e-04,2.477205e-03,2.604218e-03,-7.862913e-04,0.000000e+00,
364,4.341373e-01,-2.923606e-01,1.690586e-01,-9.499141e-02,1.329751e-03,-3.247690e-03,0.000000e+00,4.766381e-04,7.324565e-04,2.496685e-03,2.614173e-03,-7.898277e-04,0.000000e+00,
365,4.363241e-01,-2.938923e-01,1.700034e-01,-9.553784e-02,1.423221e-03,-3.436193e-03,0.000000e+00,6.329054e-04,6.981631e-04,2.516605e-03,2.624080e-03,-7.933566e-04,0.000000e+00,
366,4.385225e-01,-2.954358e-01,1.709585e-01,-9.609087e-02,1.520660e-03,-3.632655e-03,0.000000e+00,7.962947e-04,6.621371e-04,2.536956e-03,2.633942e-03,-7.968789e-04,0.000000e+00,
367,4.407319e-01,-2.969900e-01,1.719233e-01,-9.665013e-02,1.622215e-03,-3.837464e-03,0.000000e+00,9.672376e-04,6.241718e-04,2.557791e-03,2.643700e-03,-8.003939e-04,0.000000e+00,
368,4.429515e-01,-2.985519e-01,1.728941e-01,-9.721327e-02,1.727517e-03,-4.050087e-03,0.000000e+00,1.145286e-03,5.843252e-04,2.579049e-03,2.653266e-03,-8.039139e-04,0.000000e+00,
369,4.451799e-01,-3.001173e-01,1.738669e-01,-9.777767e-02,1.836200e-03,-4.269998e-03,0.000000e+00,1.329995e-03,5.426471e-04,2.600661e-03,2.662544e-03,-8.074522e-04,0.000000e+00,
370,4.474152e-01,-3.016816e-01,1.748372e-01,-9.834051e-02,1.947898e-03,-4.496679e-03,0.000000e+00,1.520926e-03,4.991789e-04,2.622550e-03,2.671419e-03,-8.110232e-04,0.000000e+00,
371,4.496547e-01,-3.032385e-01,1.757993e-01,-9.889842e-02,2.062197e-03,-4.729514e-03,0.000000e+00,1.717534e-03,4.540159e-04,2.644575e-03,2.679794e-03,-8.146470e-04,0.000000e+00,
372,4.518964e-01,-3.047847e-01,1.767518e-01,-9.945073e-02,2.179126e-03,-4.968381e-03,0.000000e+00,1.919663e-03,4.071906e-04,2.666686e-03,2.687628e-03,-8.183278e-04,0.000000e+00,
373,4.541364e-01,-3.063141e-01,1.776911e-01,-9.999564e-02,2.298294e-03,-5.212600e-03,0.000000e+00,2.126812e-03,3.586857e-04,2.688837e-03,2.694813e-03,-8.220724e-04,0.000000e+00,
374,4.563684e-01,-3.078162e-01,1.786112e-01,-1.005298e-01,2.419272e-03,-5.461460e-03,0.000000e+00,2.338447e-03,3.084524e-04,2.710927e-03,2.701156e-03,-8.258949e-04,0.000000e+00,
375,4.585835e-01,-3.092764e-01,1.795036e-01,-1.010490e-01,2.541542e-03,-5.713758e-03,0.000000e+00,2.553425e-03,2.566486e-04,2.732760e-03,2.706431e-03,-8.298163e-04,0.000000e+00,
376,4.607680e-01,-3.106705e-01,1.803528e-01,-1.015445e-01,2.664347e-03,-5.968350e-03,0.000000e+00,2.770819e-03,2.031682e-04,2.754094e-03,2.710137e-03,-8.338745e-04,0.000000e+00,
377,4.629018e-01,-3.119619e-01,1.811336e-01,-1.020022e-01,2.786272e-03,-6.222975e-03,0.000000e+00,2.988604e-03,1.481963e-04,2.774374e-03,2.711643e-03,-8.381428e-04,0.000000e+00,
378,4.649585e-01,-3.131040e-01,1.818161e-01,-1.024056e-01,2.907571e-03,-6.478609e-03,0.000000e+00,3.207531e-03,9.116501e-05,2.793042e-03,2.710045e-03,-8.427043e-04,0.000000e+00,
379,4.669048e-01,-3.140390e-01,1.823635e-01,-1.027347e-01,3.027924e-03,-6.735186e-03,0.000000e+00,3.427445e-03,3.161821e-05,2.809379e-03,2.704268e-03,-8.476597e-04,0.000000e+00,
380,4.686984e-01,-3.146920e-01,1.827267e-01,-1.029620e-01,3.144968e-03,-6.989012e-03,0.000000e+00,3.645056e-03,-3.032624e-05,2.822343e-03,2.692983e-03,-8.531467e-04,0.000000e+00,
381,4.702911e-01,-3.149796e-01,1.828534e-01,-1.030590e-01,3.254489e-03,-7.231693e-03,0.000000e+00,3.852403e-03,-9.317581e-05,2.830539e-03,2.674965e-03,-8.593143e-04,0.000000e+00,
382,4.716252e-01,-3.148016e-01,1.826795e-01,-1.029904e-01,3.353012e-03,-7.457309e-03,0.000000e+00,4.044064e-03,-1.564602e-04,2.832558e-03,2.648473e-03,-8.663385e-04,0.000000e+00,
383,4.726340e-01,-3.140424e-01,1.821318e-01,-1.027160e-01,3.437828e-03,-7.661590e-03,0.000000e+00,4.216122e-03,-2.202561e-04,2.826899e-03,2.611398e-03,-8.744091e-04,0.000000e+00,
384,4.732396e-01,-3.125668e-01,1.811250e-01,-1.021892e-01,3.504952e-03,-7.837807e-03,0.000000e+00,4.362410e-03,-2.842300e-04,2.811731e-03,2.561344e-03,-8.837506e-04,0.000000e+00,
385,4.733582e-01,-3.102311e-01,1.795694e-01,-1.013608e-01,3.551583e-03,-7.981729e-03,0.000000e+00,4.479007e-03,-3.487152e-04,2.785220e-03,2.495703e-03,-8.945971e-04,0.000000e+00,
386,4.728989e-01,-3.068776e-01,1.773656e-01,-1.001765e-01,3.573196e-03,-8.086046e-03,0.000000e+00,4.559326e-03,-4.135432e-04,2.745266e-03,2.411677e-03,-9.072111e-04,0.000000e+00,
387,4.717687e-01,-3.023477e-01,1.744152e-01,-9.858261e-02,3.566896e-03,-8.146402e-03,0.000000e+00,4.599350e-03,-4.791668e-04,2.689843e-03,2.306419e-03,-9.218500e-04,0.000000e+00,
388,4.698786e-01,-2.964904e-01,1.706261e-01,-9.652936e-02,3.529939e-03,-8.158594e-03,0.000000e+00,4.595206e-03,-5.459967e-04,2.617026e-03,2.177288e-03,-9.387602e-04,0.000000e+00,
389,4.671445e-01,-2.891626e-01,1.659104e-01,-9.396899e-02,3.460733e-03,-8.120844e-03,0.000000e+00,4.545232e-03,-6.149656e-04,2.525078e-03,2.021686e-03,-9.581755e-04,0.000000e+00,
390,4.634881e-01,-2.802316e-01,1.601866e-01,-9.085721e-02,3.358697e-03,-8.033272e-03,0.000000e+00,4.449424e-03,-6.872950e-04,2.412428e-03,1.837153e-03,-9.803125e-04,0.000000e+00,
391,4.588398e-01,-2.695803e-01,1.533835e-01,-8.715570e-02,3.223941e-03,-7.897028e-03,0.000000e+00,4.308637e-03,-7.642172e-04,2.277691e-03,1.621545e-03,-1.005361e-03,0.000000e+00,
392,4.531386e-01,-2.571067e-01,1.454400e-01,-8.283109e-02,3.056898e-03,-7.713943e-03,0.000000e+00,4.124373e-03,-8.470349e-04,2.119734e-03,1.372937e-03,-1.033480e-03,0.000000e+00,
393,4.463294e-01,-2.427192e-01,1.362999e-01,-7.785242e-02,2.856379e-03,-7.482779e-03,0.000000e+00,3.895452e-03,-9.362634e-04,1.937399e-03,1.089689e-03,-1.064820e-03,0.000000e+00,
394,4.383685e-01,-2.263480e-01,1.259232e-01,-7.219748e-02,2.622069e-03,-7.203827e-03,0.000000e+00,3.622085e-03,-1.032578e-03,1.729874e-03,7.705555e-04,-1.099484e-03,0.000000e+00,
395,4.292203e-01,-2.079403e-01,1.142819e-01,-6.585027e-02,2.352549e-03,-6.875282e-03,0.000000e+00,3.302744e-03,-1.136121e-03,1.496528e-03,4.146507e-04,-1.137534e-03,0.000000e+00,
396,4.188582e-01,-1.874623e-01,1.013625e-01,-5.880281e-02,2.047470e-03,-6.497364e-03,0.000000e+00,2.937716e-03,-1.247312e-03,1.237063e-03,2.140775e-05,-1.178992e-03,0.000000e+00,
397,4.072644e-01,-1.649001e-01,8.716817e-02,-5.105681e-02,1.707641e-03,-6.072057e-03,0.000000e+00,2.528780e-03,-1.366678e-03,9.514844e-04,-4.093315e-04,-1.223823e-03,0.000000e+00,
398,3.944310e-01,-1.402620e-01,7.171960e-02,-4.262386e-02,1.334459e-03,-5.601937e-03,0.000000e+00,2.078189e-03,-1.494658e-03,6.401456e-04,-8.773303e-04,-1.271932e-03,0.000000e+00,
399,3.803601e-01,-1.135794e-01,5.505761e-02,-3.352722e-02,9.299825e-04,-5.090255e-03,0.000000e+00,1.588696e-03,-1.631459e-03,3.036743e-04,-1.381781e-03,-1.323164e-03,0.000000e+00,
400,3.650636e-01,-8.490834e-02,3.724329e-02,-2.380179e-02,4.968646e-04,-4.540597e-03,0.000000e+00,1.063178e-03,-1.776941e-03,-5.705007e-05,-1.921268e-03,-1.377304e-03,0.000000e+00,
401,3.485647e-01,-5.432944e-02,1.835764e-02,-1.349338e-02,3.725109e-05,-3.955138e-03,0.000000e+00,5.032370e-04,-1.930328e-03,-4.409127e-04,-2.493756e-03,-1.434079e-03,0.000000e+00,
402,3.308994e-01,-2.195201e-02,-1.495746e-03,-2.660201e-03,-4.469107e-04,-3.335429e-03,0.000000e+00,-9.001569e-05,-2.090422e-03,-8.464764e-04,-3.096546e-03,-1.493149e-03,0.000000e+00,
403,3.121179e-01,1.208034e-02,-2.218471e-02,8.623516e-03,-9.525844e-04,-2.684705e-03,0.000000e+00,-7.139394e-04,-2.255973e-03,-1.271898e-03,-3.726087e-03,-1.554099e-03,0.000000e+00,
404,2.922859e-01,4.759061e-02,-4.355126e-02,2.026948e-02,-1.476755e-03,-2.005733e-03,0.000000e+00,-1.366343e-03,-2.425238e-03,-1.714943e-03,-4.378094e-03,-1.616436e-03,0.000000e+00,
405,2.714881e-01,8.435568e-02,-6.539819e-02,3.216703e-02,-2.014215e-03,-1.304804e-03,0.000000e+00,-2.041863e-03,-2.596785e-03,-2.172653e-03,-5.047311e-03,-1.679541e-03,0.000000e+00,
406,2.498282e-01,1.221069e-01,-8.748954e-02,4.418335e-02,-2.558034e-03,-5.906085e-04,0.000000e+00,-2.733050e-03,-2.769164e-03,-2.641431e-03,-5.727468e-03,-1.742681e-03,0.000000e+00,
407,2.274313e-01,1.605244e-01,-1.095462e-01,5.616122e-02,-3.098756e-03,1.241252e-04,0.000000e+00,-3.428983e-03,-2.941131e-03,-3.116949e-03,-6.411178e-03,-1.804986e-03,0.000000e+00,
408,2.044428e-01,1.992422e-01,-1.312516e-01,6.792237e-02,-3.624621e-03,8.229072e-04,0.000000e+00,-4.115461e-03,-3.111743e-03,-3.594148e-03,-7.090193e-03,-1.865466e-03,0.000000e+00,
409,1.810283e-01,2.378450e-01,-1.522477e-01,7.926488e-02,-4.120876e-03,1.484261e-03,0.000000e+00,-4.773878e-03,-3.280565e-03,-4.067227e-03,-7.755212e-03,-1.923004e-03,0.000000e+00,
410,1.573695e-01,2.758829e-01,-1.721499e-01,8.997281e-02,-4.572498e-03,2.086440e-03,0.000000e+00,-5.385400e-03,-3.446799e-03,-4.529999e-03,-8.396153e-03,-1.976410e-03,0.000000e+00,
411,1.336621e-01,3.128763e-01,-1.905520e-01,9.981864e-02,-4.965137e-03,2.609280e-03,0.000000e+00,-5.932594e-03,-3.608950e-03,-4.975990e-03,-9.002269e-03,-2.024427e-03,0.000000e+00,
412,1.101079e-01,3.483362e-01,-2.070443e-01,1.085740e-01,-5.285201e-03,3.034012e-03,0.000000e+00,-6.399218e-03,-3.765191e-03,-5.398658e-03,-9.562685e-03,-2.065791e-03,0.000000e+00,
413,8.691388e-02,3.817663e-01,-2.212159e-01,1.160113e-01,-5.521821e-03,3.346781e-03,0.000000e+00,-6.773266e-03,-3.912631e-03,-5.791568e-03,-1.006627e-02,-2.099248e-03,0.000000e+00,
414,6.428876e-02,4.126728e-01,-2.326630e-01,1.219083e-01,-5.665731e-03,3.536329e-03,0.000000e+00,-7.044908e-03,-4.047971e-03,-6.148396e-03,-1.050204e-02,-2.123567e-03,0.000000e+00,
415,4.244232e-02,4.405671e-01,-2.409920e-01,1.260496e-01,-5.707679e-03,3.590845e-03,0.000000e+00,-7.203729e-03,-4.168191e-03,-6.462888e-03,-1.085927e-02,-2.137551e-03,0.000000e+00,
416,2.158019e-02,4.649827e-01,-2.458369e-01,1.282369e-01,-5.639014e-03,3.498070e-03,0.000000e+00,-7.238614e-03,-4.270927e-03,-6.729036e-03,-1.112801e-02,-2.140096e-03,0.000000e+00,
417,1.904811e-03,4.854728e-01,-2.468566e-01,1.282878e-01,-5.451755e-03,3.245713e-03,0.000000e+00,-7.138151e-03,-4.354297e-03,-6.941082e-03,-1.129898e-02,-2.130184e-03,0.000000e+00,
418,-1.639431e-02,5.016346e-01,-2.437563e-01,1.260475e-01,-5.139024e-03,2.821704e-03,0.000000e+00,-6.890785e-03,-4.417199e-03,-7.093794e-03,-1.136418e-02,-2.106944e-03,0.000000e+00,
419,-3.314958e-02,5.131301e-01,-2.363047e-01,1.213991e-01,-4.697327e-03,2.218250e-03,0.000000e+00,-6.488492e-03,-4.458564e-03,-7.182893e-03,-1.131723e-02,-2.069710e-03,0.000000e+00,
420,-4.822229e-02,5.197012e-01,-2.243465e-01,1.142708e-01,-4.127876e-03,1.434352e-03,0.000000e+00,-5.929008e-03,-4.477009e-03,-7.205279e-03,-1.115374e-02,-2.018046e-03,0.000000e+00,
421,-6.150513e-02,5.211750e-01,-2.078063e-01,1.046376e-01,-3.435562e-03,4.738970e-04,0.000000e+00,-5.214220e-03,-4.471237e-03,-7.159079e-03,-1.087136e-02,-1.951771e-03,0.000000e+00,
422,-7.292679e-02,5.174768e-01,-1.867006e-01,9.252913e-02,-2.630200e-03,-6.526115e-04,0.000000e+00,-4.351582e-03,-4.439881e-03,-7.043859e-03,-1.047013e-02,-1.870994e-03,0.000000e+00,
423,-8.244691e-02,5.086164e-01,-1.611257e-01,7.802158e-02,-1.725047e-03,-1.930116e-03,0.000000e+00,-3.352486e-03,-4.381651e-03,-6.860428e-03,-9.952149e-03,-1.776077e-03,0.000000e+00,
424,-9.005506e-02,4.946916e-01,-1.312641e-01,6.124264e-02,-7.376121e-04,-3.338065e-03,0.000000e+00,-2.232895e-03,-4.295359e-03,-6.610873e-03,-9.321710e-03,-1.667658e-03,0.000000e+00,
425,-9.576619e-02,4.758719e-01,-9.736726e-02,4.236055e-02,3.121991e-04,-4.853288e-03,0.000000e+00,-1.010912e-03,-4.180252e-03,-6.298285e-03,-8.584915e-03,-1.546598e-03,0.000000e+00,
426,-9.961665e-02,4.523845e-01,-5.973954e-02,2.157424e-02,1.402100e-03,-6.449385e-03,0.000000e+00,2.926344e-04,-4.035664e-03,-5.926569e-03,-7.749231e-03,-1.413927e-03,0.000000e+00,
427,-1.016640e-01,4.245123e-01,-1.873577e-02,-8.883581e-04,2.507809e-03,-8.097147e-03,0.000000e+00,1.654449e-03,-3.860974e-03,-5.500449e-03,-6.823419e-03,-1.270833e-03,0.000000e+00,
428,-1.019883e-01,3.925967e-01,2.523740e-02,-2.476970e-02,3.603016e-03,-9.764614e-03,0.000000e+00,3.048899e-03,-3.655726e-03,-5.025445e-03,-5.817599e-03,-1.118666e-03,0.000000e+00,
429,-1.006890e-01,3.570253e-01,7.173559e-02,-4.979189e-02,4.660607e-03,-1.141865e-02,0.000000e+00,4.449286e-03,-3.419729e-03,-4.507678e-03,-4.742912e-03,-9.588929e-04,0.000000e+00,
430,-9.788316e-02,3.182311e-01,1.202746e-01,-7.565464e-02,5.651892e-03,-1.302387e-02,0.000000e+00,5.827031e-03,-3.152939e-03,-3.953866e-03,-3.611547e-03,-7.931001e-04,0.000000e+00,
431,-9.370738e-02,2.767012e-01,1.703211e-01,-1.020298e-01,6.546715e-03,-1.454302e-02,0.000000e+00,7.152013e-03,-2.855634e-03,-3.371447e-03,-2.437005e-03,-6.230305e-04,0.000000e+00,
432,-8.831525e-02,2.329667e-01,2.213037e-01,-1.285682e-01,7.313022e-03,-1.593561e-02,0.000000e+00,8.391244e-03,-2.527924e-03,-2.768505e-03,-1.233705e-03,-4.505505e-04,0.000000e+00,
433,-8.187262e-02,1.875911e-01,2.726230e-01,-1.549062e-01,7.918560e-03,-1.716094e-02,0.000000e+00,9.511561e-03,-2.170259e-03,-2.153518e-03,-1.682825e-05,-2.776125e-04,0.000000e+00,
434,-7.455352e-02,1.411582e-01,3.236641e-01,-1.806720e-01,8.331878e-03,-1.817954e-02,0.000000e+00,1.048080e-02,-1.783535e-03,-1.535165e-03,1.197976e-03,-1.062158e-04,0.000000e+00,
435,-6.654320e-02,9.428000e-02,3.737896e-01,-2.054832e-01,8.522099e-03,-1.895274e-02,0.000000e+00,1.126732e-02,-1.369012e-03,-9.224790e-04,2.394481e-03,6.156495e-05,0.000000e+00,
436,-5.803465e-02,4.758539e-02,4.223513e-01,-2.289527e-01,8.459748e-03,-1.944376e-02,0.000000e+00,1.184094e-02,-9.284117e-04,-3.246362e-04,3.556109e-03,2.236243e-04,0.000000e+00,
437,-4.922162e-02,1.699876e-03,4.687091e-01,-2.507005e-01,8.117411e-03,-1.961845e-02,0.000000e+00,1.217356e-02,-4.637875e-04,2.493408e-04,4.666397e-03,3.778933e-04,0.000000e+00,
438,-4.028734e-02,-4.279217e-02,5.122713e-01,-2.703776e-01,7.471432e-03,-1.944705e-02,0.000000e+00,1.224048e-02,2.270468e-05,7.910976e-04,5.710090e-03,5.224624e-04,0.000000e+00,
439,-3.140254e-02,-8.535299e-02,5.524990e-01,-2.876687e-01,6.502058e-03,-1.890439e-02,0.000000e+00,1.202067e-02,5.288122e-04,1.293024e-03,6.673263e-03,6.555966e-04,0.000000e+00,
440,-2.271505e-02,-1.255228e-01,5.889371e-01,-3.023102e-01,5.195081e-03,-1.797224e-02,0.000000e+00,1.149871e-02,1.052099e-03,1.748744e-03,7.544082e-03,7.758348e-04,0.000000e+00,
441,-1.434582e-02,-1.629316e-01,6.212258e-01,-3.140974e-01,3.541685e-03,-1.663835e-02,0.000000e+00,1.066391e-02,1.590401e-03,2.153207e-03,8.313146e-03,8.820314e-04,0.000000e+00,
442,-6.390279e-03,-1.972945e-01,6.490956e-01,-3.228809e-01,1.538473e-03,-1.489663e-02,0.000000e+00,9.510465e-03,2.141714e-03,2.502590e-03,8.973436e-03,9.733255e-04,0.000000e+00,
443,1.072680e-03,-2.283811e-01,6.723346e-01,-3.285476e-01,-8.128942e-04,-1.274786e-02,0.000000e+00,8.038268e-03,2.703453e-03,2.794021e-03,9.519280e-03,1.049053e-03,0.000000e+00,
444,7.981255e-03,-2.560169e-01,6.907898e-01,-3.310208e-01,-3.506727e-03,-1.019732e-02,0.000000e+00,6.250775e-03,3.273059e-03,3.025468e-03,9.946516e-03,1.108742e-03,0.000000e+00,
445,1.428587e-02,-2.800681e-01,7.043523e-01,-3.302520e-01,-6.534818e-03,-7.252179e-03,0.000000e+00,4.152640e-03,3.848436e-03,3.195452e-03,1.025215e-02,1.152068e-03,0.000000e+00,
446,1.994898e-02,-3.004427e-01,7.129589e-01,-3.262218e-01,-9.884510e-03,-3.925332e-03,0.000000e+00,1.753171e-03,4.427052e-03,3.303184e-03,1.043434e-02,1.178850e-03,0.000000e+00,
447,2.494476e-02,-3.170906e-01,7.165944e-01,-3.189422e-01,-1.353750e-02,-2.372677e-04,0.000000e+00,-9.321566e-04,5.005632e-03,3.348680e-03,1.049232e-02,1.189074e-03,0.000000e+00,
448,2.925767e-02,-3.300004e-01,7.152887e-01,-3.084556e-01,-1.747145e-02,3.787722e-03,0.000000e+00,-3.885061e-03,5.580972e-03,3.332535e-03,1.042653e-02,1.182869e-03,0.000000e+00,
449,3.288093e-02,-3.391957e-01,7.091144e-01,-2.948330e-01,-2.165972e-02,8.120625e-03,0.000000e+00,-7.083604e-03,6.149660e-03,3.255952e-03,1.023848e-02,1.160507e-03,0.000000e+00,
450,3.581634e-02,-3.447376e-01,6.981925e-01,-2.781794e-01,-2.606944e-02,1.272538e-02,0.000000e+00,-1.050038e-02,6.707774e-03,3.120840e-03,9.930859e-03,1.122423e-03,0.000000e+00,
451,3.807206e-02,-3.467170e-01,6.826834e-01,-2.586285e-01,-3.066128e-02,1.755805e-02,0.000000e+00,-1.410173e-02,7.250550e-03,2.929756e-03,9.507237e-03,1.069188e-03,0.000000e+00,
452,3.966107e-02,-3.452493e-01,6.627824e-01,-2.363397e-01,-3.539147e-02,2.257076e-02,0.000000e+00,-1.785112e-02,7.773104e-03,2.685728e-03,8.972075e-03,1.001495e-03,0.000000e+00,
453,4.060171e-02,-3.404752e-01,6.387181e-01,-2.114958e-01,-4.021257e-02,2.771244e-02,0.000000e+00,-2.170994e-02,8.270704e-03,2.392171e-03,8.330717e-03,9.201453e-04,0.000000e+00,
454,4.091651e-02,-3.325553e-01,6.107463e-01,-1.842999e-01,-4.507324e-02,3.292806e-02,0.000000e+00,-2.563657e-02,8.738393e-03,2.052879e-03,7.589181e-03,8.260335e-04,0.000000e+00,
455,4.063310e-02,-3.216751e-01,5.791565e-01,-1.549796e-01,-4.991746e-02,3.815774e-02,0.000000e+00,-2.958571e-02,9.170876e-03,1.672133e-03,6.754324e-03,7.201706e-04,0.000000e+00,
456,3.978552e-02,-3.080502e-01,5.442792e-01,-1.237920e-01,-5.468495e-02,4.333846e-02,0.000000e+00,-3.351003e-02,9.563088e-03,1.254705e-03,5.834096e-03,6.037050e-04,0.000000e+00,
457,3.841314e-02,-2.919221e-01,5.064791e-01,-9.101870e-02,-5.931113e-02,4.840258e-02,0.000000e+00,-3.735865e-02,9.909683e-03,8.058491e-04,4.837289e-03,4.779010e-04,0.000000e+00,
458,3.656091e-02,-2.735588e-01,4.661568e-01,-5.696656e-02,-6.372630e-02,5.327624e-02,0.000000e+00,-4.107571e-02,1.020465e-02,3.313846e-04,3.773523e-03,3.441454e-04,0.000000e+00,
459,3.427757e-02,-2.532446e-01,4.237329e-01,-2.195598e-02,-6.785898e-02,5.788346e-02,0.000000e+00,-4.460368e-02,1.044192e-02,-1.625839e-04,2.652903e-03,2.038932e-04,0.000000e+00,
460,3.161181e-02,-2.312596e-01,3.796188e-01,1.370132e-02,-7.163995e-02,6.214991e-02,0.000000e+00,-4.788610e-02,1.061544e-02,-6.700618e-04,1.485282e-03,5.856573e-05,0.000000e+00,
461,2.861273e-02,-2.078812e-01,3.342188e-01,4.970100e-02,-7.500273e-02,6.600363e-02,0.000000e+00,-5.086815e-02,1.071936e-02,-1.185175e-03,2.803608e-04,-9.044442e-05,0.000000e+00,
462,2.533151e-02,-1.833937e-01,2.879431e-01,8.573653e-02,-7.788124e-02,6.937218e-02,0.000000e+00,-5.349422e-02,1.074757e-02,-1.701871e-03,-9.520964e-04,-2.417226e-04,0.000000e+00,
463,2.182024e-02,-1.580834e-01,2.412028e-01,1.215018e-01,-8.021091e-02,7.218515e-02,0.000000e+00,-5.571033e-02,1.069430e-02,-2.214152e-03,-2.202224e-03,-3.938544e-04,0.000000e+00,
464,1.813247e-02,-1.322411e-01,1.944131e-01,1.566888e-01,-8.192815e-02,7.437360e-02,0.000000e+00,-5.746360e-02,1.055403e-02,-2.715977e-03,-3.460027e-03,-5.454125e-04,0.000000e+00,
465,1.432342e-02,-1.061638e-01,1.479960e-01,1.909854e-01,-8.297008e-02,7.586987e-02,0.000000e+00,-5.870214e-02,1.032151e-02,-3.201248e-03,-4.715289e-03,-6.949475e-04,0.000000e+00,
466,1.044596e-02,-8.013550e-02,1.023543e-01,2.240952e-01,-8.327743e-02,7.660971e-02,0.000000e+00,-5.937645e-02,9.991629e-03,-3.664101e-03,-5.958315e-03,-8.410751e-04,0.000000e+00,
467,6.550008e-03,-5.442232e-02,5.786271e-02,2.557441e-01,-8.279724e-02,7.653523e-02,0.000000e+00,-5.944178e-02,9.559868e-03,-4.099140e-03,-7.180033e-03,-9.825121e-04,0.000000e+00,
468,2.682084e-03,-2.926977e-02,1.486319e-02,2.856856e-01,-8.148327e-02,7.559417e-02,0.000000e+00,-5.885711e-02,9.021819e-03,-4.501327e-03,-8.372318e-03,-1.118080e-03,0.000000e+00,
469,-1.114207e-03,-4.905963e-03,-2.633079e-02,3.136980e-01,-7.929611e-02,7.373973e-02,0.000000e+00,-5.758498e-02,8.373199e-03,-4.865986e-03,-9.527793e-03,-1.246700e-03,0.000000e+00,
470,-4.798451e-03,1.845951e-02,-6.543486e-02,3.395837e-01,-7.620229e-02,7.092972e-02,0.000000e+00,-5.559097e-02,7.609823e-03,-5.188839e-03,-1.063983e-02,-1.367399e-03,0.000000e+00,
471,-8.332713e-03,4.063264e-02,-1.021896e-01,3.631663e-01,-7.217572e-02,6.713075e-02,0.000000e+00,-5.284739e-02,6.728568e-03,-5.466075e-03,-1.170231e-02,-1.479291e-03,0.000000e+00,
472,-1.168428e-02,6.144749e-02,-1.363758e-01,3.842995e-01,-6.719893e-02,6.232012e-02,0.000000e+00,-4.933497e-02,5.727556e-03,-5.694577e-03,-1.270996e-02,-1.581632e-03,0.000000e+00,
473,-1.482484e-02,8.076172e-02,-1.678083e-01,4.028630e-01,-6.126233e-02,5.648528e-02,0.000000e+00,-4.504245e-02,4.606204e-03,-5.871877e-03,-1.365816e-02,-1.673804e-03,0.000000e+00,
474,-1.773011e-02,9.845539e-02,-1.963340e-01,4.187604e-01,-5.436332e-02,4.962291e-02,0.000000e+00,-3.996589e-02,3.365084e-03,-5.996080e-03,-1.454294e-02,-1.755298e-03,0.000000e+00,
475,-2.037954e-02,1.144288e-01,-2.218291e-01,4.319178e-01,-4.650759e-02,4.174091e-02,0.000000e+00,-3.411023e-02,2.006231e-03,-6.065840e-03,-1.536089e-02,-1.825707e-03,0.000000e+00,
476,-2.275507e-02,1.285966e-01,-2.441921e-01,4.422794e-01,-3.770788e-02,3.285612e-02,0.000000e+00,-2.748738e-02,5.328273e-04,-6.080261e-03,-1.610903e-02,-1.884703e-03,0.000000e+00,
477,-2.484109e-02,1.408876e-01,-2.633432e-01,4.498078e-01,-2.798306e-02,2.299230e-02,0.000000e+00,-2.011440e-02,-1.051238e-03,-6.038822e-03,-1.678484e-02,-1.932034e-03,0.000000e+00,
478,-2.662583e-02,1.512524e-01,-2.792346e-01,4.544899e-01,-1.736029e-02,1.218373e-02,0.000000e+00,-1.201657e-02,-2.740749e-03,-5.941600e-03,-1.738640e-02,-1.967562e-03,0.000000e+00,
479,-2.810184e-02,1.596639e-01,-2.918506e-01,4.563375e-01,-5.873736e-03,4.728224e-04,0.000000e+00,-3.225313e-03,-4.529693e-03,-5.789221e-03,-1.791252e-02,-1.991261e-03,0.000000e+00,
480,-2.926736e-02,1.661252e-01,-3.012181e-01,4.553943e-01,6.434235e-03,-1.208816e-02,0.000000e+00,6.220382e-03,-6.411072e-03,-5.582997e-03,-1.836291e-02,-2.003256e-03,0.000000e+00,
481,-3.012665e-02,1.706713e-01,-3.074084e-01,4.517362e-01,1.951279e-02,-2.543657e-02,0.000000e+00,1.627356e-02,-8.376831e-03,-5.324948e-03,-1.873828e-02,-2.003821e-03,0.000000e+00,
482,-3.068928e-02,1.733659e-01,-3.105338e-01,4.454698e-01,3.330164e-02,-3.949740e-02,0.000000e+00,2.687754e-02,-1.041742e-02,-5.017821e-03,-1.904018e-02,-1.993372e-03,0.000000e+00,
483,-3.096955e-02,1.742980e-01,-3.107424e-01,4.367292e-01,4.773225e-02,-5.418588e-02,0.000000e+00,3.796836e-02,-1.252235e-02,-4.664938e-03,-1.927093e-02,-1.972450e-03,0.000000e+00,
484,-3.098392e-02,1.735699e-01,-3.082035e-01,4.256664e-01,6.272728e-02,-6.940542e-02,0.000000e+00,4.947281e-02,-1.467950e-02,-4.270127e-03,-1.943317e-02,-1.941670e-03,0.000000e+00,
485,-3.074791e-02,1.712826e-01,-3.030886e-01,4.124384e-01,7.820221e-02,-8.504968e-02,0.000000e+00,6.131014e-02,-1.687522e-02,-3.837457e-03,-1.952938e-02,-1.901663e-03,0.000000e+00,
486,-3.027505e-02,1.675311e-01,-2.955654e-01,3.972037e-01,9.406650e-02,-1.010044e-01,0.000000e+00,7.339359e-02,-1.909468e-02,-3.371085e-03,-1.956183e-02,-1.853042e-03,0.000000e+00,
487,-2.957702e-02,1.624044e-01,-2.857976e-01,3.801210e-01,1.102230e-01,-1.171448e-01,0.000000e+00,8.562764e-02,-2.132102e-02,-2.875412e-03,-1.953239e-02,-1.796416e-03,0.000000e+00,
488,-2.866518e-02,1.559918e-01,-2.739512e-01,3.613525e-01,1.265660e-01,-1.333305e-01,0.000000e+00,9.790345e-02,-2.353421e-02,-2.355415e-03,-1.944244e-02,-1.732420e-03,0.000000e+00,
489,-2.755313e-02,1.483943e-01,-2.602092e-01,3.410727e-01,1.429847e-01,-1.494128e-01,0.000000e+00,1.101050e-01,-2.571270e-02,-1.816513e-03,-1.929361e-02,-1.661741e-03,0.000000e+00,
490,-2.625764e-02,1.397297e-01,-2.447764e-01,3.194711e-01,1.593592e-01,-1.652263e-01,0.000000e+00,1.221023e-01,-2.783183e-02,-1.264902e-03,-1.908757e-02,-1.585153e-03,0.000000e+00,
491,-2.480341e-02,1.301544e-01,-2.279099e-01,2.967738e-01,1.755593e-01,-1.805901e-01,0.000000e+00,1.337518e-01,-2.986452e-02,-7.078650e-04,-1.882692e-02,-1.503615e-03,0.000000e+00,
492,-2.322183e-02,1.198573e-01,-2.099095e-01,2.732364e-01,1.914493e-01,-1.953170e-01,0.000000e+00,1.449057e-01,-3.178322e-02,-1.533294e-04,-1.851522e-02,-1.418234e-03,0.000000e+00,
493,-2.154814e-02,1.090465e-01,-1.911002e-01,2.491318e-01,2.068927e-01,-2.092205e-01,0.000000e+00,1.554171e-01,-3.356119e-02,3.906318e-04,-1.815689e-02,-1.330191e-03,0.000000e+00,
494,-1.981894e-02,9.793692e-02,-1.718157e-01,2.247395e-01,2.217511e-01,-2.221132e-01,0.000000e+00,1.651386e-01,-3.517189e-02,9.158527e-04,-1.775653e-02,-1.240700e-03,0.000000e+00,
495,-1.806985e-02,8.673600e-02,-1.523782e-01,2.003298e-01,2.358951e-01,-2.338230e-01,0.000000e+00,1.739365e-01,-3.659174e-02,1.414788e-03,-1.731892e-02,-1.150930e-03,0.000000e+00,
496,-1.632869e-02,7.560946e-02,-1.330502e-01,1.761285e-01,2.492076e-01,-2.441948e-01,0.000000e+00,1.816902e-01,-3.779951e-02,1.881024e-03,-1.684766e-02,-1.061837e-03,0.000000e+00,
497,-1.461418e-02,6.467527e-02,-1.140270e-01,1.523117e-01,2.615856e-01,-2.530919e-01,0.000000e+00,1.882945e-01,-3.877633e-02,2.309357e-03,-1.634496e-02,-9.741447e-04,0.000000e+00,
498,-1.293733e-02,5.400893e-02,-9.544202e-02,1.290085e-01,2.729409e-01,-2.603974e-01,0.000000e+00,1.936593e-01,-3.950589e-02,2.695739e-03,-1.581180e-02,-8.883611e-04,0.000000e+00,
499,-1.130351e-02,4.365176e-02,-7.737738e-02,1.063081e-01,2.832019e-01,-2.660178e-01,0.000000e+00,1.977141e-01,-3.997554e-02,3.037340e-03,-1.524844e-02,-8.048020e-04,0.000000e+00,
500,-9.714834e-03,3.362601e-02,-5.988539e-02,8.427484e-02,2.923107e-01,-2.698809e-01,0.000000e+00,2.004056e-01,-4.017604e-02,3.332240e-03,-1.465489e-02,-7.236717e-04,0.000000e+00,
501,-8.173391e-03,2.395242e-02,-4.301284e-02,6.296517e-02,3.002218e-01,-2.719331e-01,0.000000e+00,2.016954e-01,-4.010135e-02,3.579057e-03,-1.403151e-02,-6.451471e-04,0.000000e+00,
502,-6.683111e-03,1.465801e-02,-2.681101e-02,4.243504e-02,3.068991e-01,-2.721367e-01,0.000000e+00,2.015584e-01,-3.974847e-02,3.776798e-03,-1.337918e-02,-5.694152e-04,0.000000e+00,
503,-5.250184e-03,5.780733e-03,-1.134396e-02,2.274652e-02,3.123124e-01,-2.704631e-01,0.000000e+00,1.999766e-01,-3.911600e-02,3.924559e-03,-1.269940e-02,-4.966996e-04,0.000000e+00,
504,-3.882701e-03,-2.631963e-03,3.312938e-03,3.967404e-03,3.164347e-01,-2.668885e-01,0.000000e+00,1.969355e-01,-3.820329e-02,4.021352e-03,-1.199396e-02,-4.272737e-04,0.000000e+00,
505,-2.589907e-03,-1.052732e-02,1.707828e-02,-1.383183e-02,3.192402e-01,-2.613897e-01,0.000000e+00,1.924205e-01,-3.700952e-02,4.066035e-03,-1.126474e-02,-3.614388e-04,0.000000e+00,
506,-1.380391e-03,-1.785744e-02,2.987831e-02,-3.058703e-02,3.207090e-01,-2.539531e-01,0.000000e+00,1.864253e-01,-3.553558e-02,4.057833e-03,-1.051371e-02,-2.994657e-04,0.000000e+00,
507,-2.607928e-04,-2.458471e-02,4.165358e-02,-4.624477e-02,3.208266e-01,-2.445733e-01,0.000000e+00,1.789496e-01,-3.378351e-02,3.996340e-03,-9.742671e-03,-2.415697e-04,0.000000e+00,
508,7.653876e-04,-3.068841e-02,5.236856e-02,-6.076952e-02,3.195884e-01,-2.332610e-01,0.000000e+00,1.700066e-01,-3.175808e-02,3.881882e-03,-8.953274e-03,-1.878783e-04,0.000000e+00,
509,1.697863e-03,-3.616450e-02,6.201156e-02,-7.414390e-02,3.170008e-01,-2.200452e-01,0.000000e+00,1.596249e-01,-2.946736e-02,3.715638e-03,-8.147102e-03,-1.384225e-04,0.000000e+00,
510,2.538757e-03,-4.102226e-02,7.059030e-02,-8.636553e-02,3.130786e-01,-2.049676e-01,0.000000e+00,1.478436e-01,-2.692156e-02,3.499374e-03,-7.325614e-03,-9.315598e-05,0.000000e+00,
511,3.290935e-03,-4.527658e-02,7.812209e-02,-9.744025e-02,3.078427e-01,-1.880808e-01,0.000000e+00,1.347106e-01,-2.413270e-02,3.235259e-03,-6.490317e-03,-5.199439e-05,0.000000e+00,
512,3.957640e-03,-4.894523e-02,8.462962e-02,-1.073790e-01,3.013199e-01,-1.694465e-01,0.000000e+00,1.202816e-01,-2.111458e-02,2.925802e-03,-5.642841e-03,-1.483063e-05,0.000000e+00,
513,4.541814e-03,-5.204505e-02,9.013521e-02,-1.161936e-01,2.935405e-01,-1.491325e-01,0.000000e+00,1.046173e-01,-1.788196e-02,2.573643e-03,-4.784980e-03,1.844311e-05,0.000000e+00,
514,5.046936e-03,-5.459585e-02,9.466568e-02,-1.238997e-01,2.845364e-01,-1.272075e-01,0.000000e+00,8.777818e-02,-1.444926e-02,2.181391e-03,-3.918367e-03,4.794728e-05,0.000000e+00,
515,5.476930e-03,-5.662032e-02,9.825259e-02,-1.305174e-01,2.743449e-01,-1.037492e-01,0.000000e+00,6.983212e-02,-1.083242e-02,1.751958e-03,-3.044778e-03,7.382286e-05,0.000000e+00,
516,5.836731e-03,-5.814611e-02,1.009348e-01,-1.360736e-01,2.630088e-01,-7.884247e-02,0.000000e+00,5.085242e-02,-7.048267e-03,1.288455e-03,-2.165935e-03,9.623603e-05,0.000000e+00,
517,6.131212e-03,-5.920103e-02,1.027522e-01,-1.405970e-01,2.505738e-01,-5.257612e-02,0.000000e+00,3.091482e-02,-3.113887e-03,7.940520e-04,-1.283651e-03,1.153636e-04,0.000000e+00,
518,6.365060e-03,-5.981379e-02,1.037475e-01,-1.441205e-01,2.370928e-01,-2.504960e-02,0.000000e+00,1.010353e-02,9.519036e-04,2.722198e-04,-3.999472e-04,1.313976e-04,0.000000e+00,
519,6.542213e-03,-6.001029e-02,1.039616e-01,-1.466777e-01,2.226247e-01,3.628239e-03,0.000000e+00,-1.148999e-02,5.128807e-03,-2.733664e-04,4.828395e-04,1.445286e-04,0.000000e+00,
520,6.665435e-03,-5.981095e-02,1.034289e-01,-1.482997e-01,2.072298e-01,3.334906e-02,0.000000e+00,-3.377568e-02,9.397157e-03,-8.392534e-04,1.362323e-03,1.549190e-04,0.000000e+00,
521,6.736996e-03,-5.923334e-02,1.021803e-01,-1.490168e-01,1.909695e-01,6.400402e-02,0.000000e+00,-5.666386e-02,1.373763e-02,-1.422080e-03,2.236053e-03,1.627204e-04,0.000000e+00,
522,6.758548e-03,-5.829282e-02,1.002458e-01,-1.488607e-01,1.739123e-01,9.547438e-02,0.000000e+00,-8.005746e-02,1.812961e-02,-2.018376e-03,3.101387e-03,1.680738e-04,0.000000e+00,
523,6.731786e-03,-5.700490e-02,9.765624e-02,-1.478656e-01,1.561318e-01,1.276338e-01,0.000000e+00,-1.038537e-01,2.255140e-02,-2.624517e-03,3.955546e-03,1.711254e-04,0.000000e+00,
524,6.658573e-03,-5.538579e-02,9.444424e-02,-1.460686e-01,1.377074e-01,1.603463e-01,0.000000e+00,-1.279420e-01,2.697974e-02,-3.236625e-03,4.795542e-03,1.720303e-04,0.000000e+00,
525,6.541149e-03,-5.345447e-02,9.064732e-02,-1.435111e-01,1.187257e-01,1.934641e-01,0.000000e+00,-1.522023e-01,3.138935e-02,-3.850476e-03,5.618189e-03,1.709663e-04,0.000000e+00,
526,6.381312e-03,-5.122962e-02,8.630451e-02,-1.402377e-01,9.928209e-02,2.268243e-01,0.000000e+00,-1.765020e-01,3.575235e-02,-4.461482e-03,6.419983e-03,1.681139e-04,0.000000e+00,
527,6.181924e-03,-4.873470e-02,8.146122e-02,-1.362979e-01,7.947365e-02,2.602625e-01,0.000000e+00,-2.007078e-01,4.004083e-02,-5.064959e-03,7.197556e-03,1.636765e-04,0.000000e+00,
528,5.945795e-03,-4.599310e-02,7.616306e-02,-1.317424e-01,5.939707e-02,2.936172e-01,0.000000e+00,-2.246900e-01,4.422819e-02,-5.656458e-03,7.947690e-03,1.578584e-04,0.000000e+00,
529,5.675940e-03,-4.303065e-02,7.046022e-02,-1.266268e-01,3.915330e-02,3.267218e-01,0.000000e+00,-2.483152e-01,4.828741e-02,-6.231486e-03,8.667290e-03,1.508678e-04,0.000000e+00,
530,5.375580e-03,-3.987393e-02,6.440374e-02,-1.210072e-01,1.884079e-02,3.594160e-01,0.000000e+00,-2.714557e-01,5.219295e-02,-6.785769e-03,9.353489e-03,1.429130e-04,0.000000e+00,
531,5.048394e-03,-3.655151e-02,5.804691e-02,-1.149418e-01,-1.444842e-03,3.915459e-01,0.000000e+00,-2.939899e-01,5.592088e-02,-7.315244e-03,1.000366e-02,1.342174e-04,0.000000e+00,
532,4.697815e-03,-3.309166e-02,5.144340e-02,-1.084893e-01,-2.160683e-02,4.229564e-01,0.000000e+00,-3.157957e-01,5.944734e-02,-7.815876e-03,1.061518e-02,1.250047e-04,0.000000e+00,
533,4.327851e-03,-2.952573e-02,4.465127e-02,-1.017120e-01,-4.154546e-02,4.534876e-01,0.000000e+00,-3.367468e-01,6.274757e-02,-8.283474e-03,1.118551e-02,1.155019e-04,0.000000e+00,
534,3.942885e-03,-2.588552e-02,3.772802e-02,-9.467085e-02,-6.116514e-02,4.829864e-01,0.000000e+00,-3.567224e-01,6.579818e-02,-8.714040e-03,1.171220e-02,1.059409e-04,0.000000e+00,
535,3.547363e-03,-2.220365e-02,3.073297e-02,-8.742868e-02,-8.036567e-02,5.112917e-01,0.000000e+00,-3.755955e-01,6.857420e-02,-9.103273e-03,1.219261e-02,9.656541e-05,0.000000e+00,
536,3.145740e-03,-1.851259e-02,2.372498e-02,-8.004807e-02,-9.904899e-02,5.382469e-01,0.000000e+00,-3.932428e-01,7.105175e-02,-9.447087e-03,1.262429e-02,8.760422e-05,0.000000e+00,
537,2.741615e-03,-1.484078e-02,1.675724e-02,-7.258670e-02,-1.171216e-01,5.637023e-01,0.000000e+00,-4.095466e-01,7.320794e-02,-9.741591e-03,1.300483e-02,7.926599e-05,0.000000e+00,
538,2.337872e-03,-1.121184e-02,9.874980e-03,-6.509537e-02,-1.345026e-01,5.875321e-01,0.000000e+00,-4.244095e-01,7.502461e-02,-9.983739e-03,1.333229e-02,7.172632e-05,0.000000e+00,
539,1.936581e-03,-7.645444e-03,3.117529e-03,-5.761980e-02,-1.511189e-01,6.096234e-01,0.000000e+00,-4.377450e-01,7.648599e-02,-1.017091e-02,1.360499e-02,6.513632e-05,0.000000e+00,
540,1.539429e-03,-4.157974e-03,-3.482060e-03,-5.019932e-02,-1.669104e-01,6.298876e-01,0.000000e+00,-4.494867e-01,7.758100e-02,-1.030133e-02,1.382182e-02,5.960785e-05,0.000000e+00,
541,1.147665e-03,-7.631350e-04,-9.895003e-03,-4.286911e-02,-1.818222e-01,6.482432e-01,0.000000e+00,-4.595744e-01,7.829959e-02,-1.037343e-02,1.398175e-02,5.524128e-05,0.000000e+00,
542,7.629574e-04,2.524020e-03,-1.609114e-02,-3.566520e-02,-1.957993e-01,6.646087e-01,0.000000e+00,-4.679468e-01,7.863159e-02,-1.038559e-02,1.408378e-02,5.214008e-05,0.000000e+00,
543,3.871604e-04,5.686845e-03,-2.203743e-02,-2.862588e-02,-2.087785e-01,6.788858e-01,0.000000e+00,-4.745281e-01,7.856277e-02,-1.033549e-02,1.412637e-02,5.043183e-05,0.000000e+00,
544,2.185552e-05,8.710165e-03,-2.770295e-02,-2.178765e-02,-2.206980e-01,6.909774e-01,0.000000e+00,-4.792428e-01,7.807900e-02,-1.022081e-02,1.410794e-02,5.023741e-05,0.000000e+00,
545,-3.315934e-04,1.157974e-02,-3.305780e-02,-1.518649e-02,-2.314938e-01,7.007828e-01,0.000000e+00,-4.820123e-01,7.716528e-02,-1.003916e-02,1.402678e-02,5.167800e-05,0.000000e+00,
546,-6.718803e-04,1.428252e-02,-3.807481e-02,-8.855267e-03,-2.411103e-01,7.082161e-01,0.000000e+00,-4.827708e-01,7.580968e-02,-9.788678e-03,1.388160e-02,5.485466e-05,0.000000e+00,
547,-9.980581e-04,1.680867e-02,-4.273305e-02,-2.820598e-03,-2.495055e-01,7.132160e-01,0.000000e+00,-4.814734e-01,7.400521e-02,-9.468379e-03,1.367174e-02,5.983069e-05,0.000000e+00,
548,-1.309563e-03,1.915175e-02,-4.701797e-02,2.897407e-03,-2.566509e-01,7.157462e-01,0.000000e+00,-4.780964e-01,7.174995e-02,-9.078201e-03,1.339718e-02,6.663036e-05,0.000000e+00,
549,-1.606081e-03,2.130787e-02,-5.092033e-02,8.284348e-03,-2.625314e-01,7.157939e-01,0.000000e+00,-4.726359e-01,6.904651e-02,-8.618906e-03,1.305855e-02,7.524161e-05,0.000000e+00,
550,-1.887390e-03,2.327469e-02,-5.443431e-02,1.332987e-02,-2.671414e-01,7.133628e-01,0.000000e+00,-4.651021e-01,6.590071e-02,-8.091792e-03,1.265686e-02,8.563259e-05,0.000000e+00,
551,-2.153620e-03,2.505133e-02,-5.755676e-02,1.802659e-02,-2.704815e-01,7.084679e-01,0.000000e+00,-4.555142e-01,6.232037e-02,-7.498478e-03,1.219339e-02,9.775940e-05,0.000000e+00,
552,-2.405089e-03,2.663863e-02,-6.028768e-02,2.237021e-02,-2.725604e-01,7.011390e-01,0.000000e+00,-4.439043e-01,5.831645e-02,-6.841147e-03,1.166981e-02,1.115607e-04,0.000000e+00,
553,-2.642205e-03,2.803887e-02,-6.263032e-02,2.635959e-02,-2.733968e-01,6.914259e-01,0.000000e+00,-4.303227e-01,5.390461e-02,-6.122765e-03,1.108834e-02,1.269573e-04,0.000000e+00,
554,-2.865455e-03,2.925563e-02,-6.459076e-02,2.999616e-02,-2.730179e-01,6.793958e-01,0.000000e+00,-4.148353e-01,4.910479e-02,-5.347077e-03,1.045181e-02,1.438384e-04,0.000000e+00,
555,-3.074956e-03,3.029244e-02,-6.617675e-02,3.328327e-02,-2.714611e-01,6.651377e-01,0.000000e+00,-3.975283e-01,4.394231e-02,-4.518769e-03,9.763800e-03,1.620691e-04,0.000000e+00,
556,-3.270598e-03,3.115336e-02,-6.739790e-02,3.622616e-02,-2.687698e-01,6.487520e-01,0.000000e+00,-3.784980e-01,3.844533e-02,-3.643033e-03,9.028239e-03,1.814994e-04,0.000000e+00,
557,-3.452193e-03,3.184259e-02,-6.826490e-02,3.883147e-02,-2.649925e-01,6.303493e-01,0.000000e+00,-3.578500e-01,3.264438e-02,-2.725504e-03,8.249421e-03,2.019655e-04,0.000000e+00,
558,-3.619427e-03,3.236405e-02,-6.878846e-02,4.110653e-02,-2.601794e-01,6.100424e-01,0.000000e+00,-3.356912e-01,2.657018e-02,-1.771885e-03,7.431775e-03,2.232885e-04,0.000000e+00,
559,-3.771613e-03,3.271979e-02,-6.897699e-02,4.305742e-02,-2.543810e-01,5.879444e-01,0.000000e+00,-3.121286e-01,2.025332e-02,-7.877802e-04,6.579692e-03,2.453157e-04,0.000000e+00,
560,-3.908806e-03,3.291360e-02,-6.884024e-02,4.469138e-02,-2.476457e-01,5.641618e-01,0.000000e+00,-2.872623e-01,1.372210e-02,2.216284e-04,5.697189e-03,2.679017e-04,0.000000e+00,
561,-4.030495e-03,3.294762e-02,-6.838643e-02,4.601497e-02,-2.400247e-01,5.388072e-01,0.000000e+00,-2.611975e-01,7.006079e-03,1.250972e-03,4.788579e-03,2.908956e-04,0.000000e+00,
562,-4.136487e-03,3.282482e-02,-6.762471e-02,4.703554e-02,-2.315712e-01,5.119966e-01,0.000000e+00,-2.340423e-01,1.352721e-04,2.294846e-03,3.858195e-03,3.141462e-04,0.000000e+00,
563,-4.226782e-03,3.254826e-02,-6.656399e-02,4.776012e-02,-2.223402e-01,4.838496e-01,0.000000e+00,-2.059080e-01,-6.859419e-03,3.347705e-03,2.910497e-03,3.375033e-04,0.000000e+00,
564,-4.301442e-03,3.212242e-02,-6.521559e-02,4.819763e-02,-2.123882e-01,4.544886e-01,0.000000e+00,-1.769083e-01,-1.394664e-02,4.403919e-03,1.949977e-03,3.608021e-04,0.000000e+00,
565,-4.360303e-03,3.155093e-02,-6.358989e-02,4.835635e-02,-2.017745e-01,4.240427e-01,0.000000e+00,-1.471629e-01,-2.109336e-02,5.457551e-03,9.814401e-04,3.838697e-04,0.000000e+00,
566,-4.403475e-03,3.083883e-02,-6.169947e-02,4.824629e-02,-1.905600e-01,3.926432e-01,0.000000e+00,-1.167933e-01,-2.826611e-02,6.502611e-03,9.633734e-06,4.065363e-04,0.000000e+00,
567,-4.431242e-03,2.999220e-02,-5.955823e-02,4.787841e-02,-1.788057e-01,3.604217e-01,0.000000e+00,-8.592150e-02,-3.543150e-02,7.533094e-03,-9.607096e-04,4.286273e-04,0.000000e+00,
568,-4.443823e-03,2.901864e-02,-5.718292e-02,4.726598e-02,-1.665725e-01,3.275083e-01,0.000000e+00,-5.466737e-02,-4.255700e-02,8.543196e-03,-1.925098e-03,4.499664e-04,0.000000e+00,
569,-4.441630e-03,2.792572e-02,-5.458969e-02,4.642180e-02,-1.539196e-01,2.940292e-01,0.000000e+00,-2.314687e-02,-4.961128e-02,9.527339e-03,-2.879186e-03,4.703847e-04,0.000000e+00,
570,-4.424873e-03,2.672069e-02,-5.179459e-02,4.535882e-02,-1.409045e-01,2.601064e-01,0.000000e+00,8.528045e-03,-5.656432e-02,1.048024e-02,-3.818855e-03,4.897222e-04,0.000000e+00,
571,-4.394694e-03,2.541386e-02,-4.881683e-02,4.409204e-02,-1.275855e-01,2.258632e-01,0.000000e+00,4.024464e-02,-6.338613e-02,1.139659e-02,-4.740036e-03,5.078019e-04,0.000000e+00,
572,-4.351622e-03,2.401438e-02,-4.567513e-02,4.263650e-02,-1.140210e-01,1.914225e-01,0.000000e+00,7.189096e-02,-7.004716e-02,1.227126e-02,-5.638734e-03,5.244503e-04,0.000000e+00,
573,-4.296379e-03,2.253160e-02,-4.238838e-02,4.100758e-02,-1.002709e-01,1.569099e-01,0.000000e+00,1.033525e-01,-7.651724e-02,1.309899e-02,-6.510844e-03,5.394901e-04,0.000000e+00,
574,-4.230007e-03,2.097665e-02,-3.897815e-02,3.922270e-02,-8.639605e-02,1.224524e-01,0.000000e+00,1.345139e-01,-8.276615e-02,1.387449e-02,-7.352313e-03,5.527327e-04,0.000000e+00,
575,-4.153208e-03,1.936088e-02,-3.546721e-02,3.730063e-02,-7.245541e-02,8.817234e-02,0.000000e+00,1.652645e-01,-8.876503e-02,1.459271e-02,-8.159313e-03,5.639893e-04,0.000000e+00,
576,-4.066337e-03,1.769421e-02,-3.187636e-02,3.525874e-02,-5.850148e-02,5.417785e-02,0.000000e+00,1.955063e-01,-9.448865e-02,1.524925e-02,-8.928501e-03,5.730905e-04,0.000000e+00,
577,-3.970041e-03,1.598658e-02,-2.822552e-02,3.311363e-02,-4.458185e-02,2.056673e-02,0.000000e+00,2.251515e-01,-9.991443e-02,1.584019e-02,-9.656872e-03,5.798740e-04,0.000000e+00,
578,-3.865249e-03,1.424904e-02,-2.453569e-02,3.088253e-02,-3.074096e-02,-1.257053e-02,0.000000e+00,2.541189e-01,-1.050220e-01,1.636204e-02,-1.034181e-02,5.841875e-04,0.000000e+00,
579,-3.752588e-03,1.249099e-02,-2.082546e-02,2.858086e-02,-1.702272e-02,-4.514419e-02,0.000000e+00,2.823284e-01,-1.097914e-01,1.681145e-02,-1.098070e-02,5.858908e-04,0.000000e+00,
580,-3.633204e-03,1.072290e-02,-1.711437e-02,2.622458e-02,-3.476150e-03,-7.705375e-02,0.000000e+00,3.096901e-01,-1.142003e-01,1.718474e-02,-1.157064e-02,5.848386e-04,0.000000e+00,
581,-3.508139e-03,8.955311e-03,-1.342272e-02,2.383045e-02,9.842975e-03,-1.081845e-01,0.000000e+00,3.361017e-01,-1.182231e-01,1.747774e-02,-1.210828e-02,5.808799e-04,0.000000e+00,
582,-3.377804e-03,7.196661e-03,-9.768622e-03,2.141386e-02,2.287707e-02,-1.384180e-01,0.000000e+00,3.614575e-01,-1.218338e-01,1.768638e-02,-1.259025e-02,5.738847e-04,0.000000e+00,
583,-3.242124e-03,5.452505e-03,-6.165832e-03,1.898703e-02,3.557342e-02,-1.676459e-01,0.000000e+00,3.856612e-01,-1.250088e-01,1.780714e-02,-1.301352e-02,5.637558e-04,0.000000e+00,
584,-3.101038e-03,3.728860e-03,-2.629162e-03,1.656319e-02,4.787566e-02,-1.957525e-01,0.000000e+00,4.086105e-01,-1.277234e-01,1.783635e-02,-1.337491e-02,5.503967e-04,0.000000e+00,
585,-2.954748e-03,2.030759e-03,8.300011e-04,1.415237e-02,5.974092e-02,-2.226505e-01,0.000000e+00,4.302284e-01,-1.299597e-01,1.777159e-02,-1.367220e-02,5.337489e-04,0.000000e+00,
586,-2.803482e-03,3.622642e-04,4.202772e-03,1.176242e-02,7.113665e-02,-2.482740e-01,0.000000e+00,4.504583e-01,-1.317053e-01,1.761157e-02,-1.390406e-02,5.137998e-04,0.000000e+00,
587,-2.647898e-03,-1.271781e-03,7.480258e-03,9.400954e-03,8.203570e-02,-2.725692e-01,0.000000e+00,4.692546e-01,-1.329511e-01,1.735552e-02,-1.406958e-02,4.905506e-04,0.000000e+00,
588,-2.488708e-03,-2.865917e-03,1.065234e-02,7.076614e-03,9.240707e-02,-2.954743e-01,0.000000e+00,4.865645e-01,-1.336865e-01,1.700255e-02,-1.416777e-02,4.640092e-04,0.000000e+00,
589,-2.326603e-03,-4.415583e-03,1.371099e-02,4.796257e-03,1.022277e-01,-3.169441e-01,0.000000e+00,5.023509e-01,-1.339051e-01,1.655270e-02,-1.419830e-02,4.342116e-04,0.000000e+00,
590,-2.161982e-03,-5.916116e-03,1.664676e-02,2.568374e-03,1.114688e-01,-3.369228e-01,0.000000e+00,5.165675e-01,-1.335988e-01,1.600585e-02,-1.416075e-02,4.011987e-04,0.000000e+00,
591,-1.995182e-03,-7.362927e-03,1.945013e-02,4.016477e-04,1.201008e-01,-3.553526e-01,0.000000e+00,5.291667e-01,-1.327596e-01,1.536200e-02,-1.405466e-02,3.650103e-04,0.000000e+00,
592,-1.826422e-03,-8.752465e-03,2.211342e-02,-1.696677e-03,1.280973e-01,-3.721830e-01,0.000000e+00,5.401076e-01,-1.313810e-01,1.462150e-02,-1.387986e-02,3.257049e-04,0.000000e+00,
593,-1.655884e-03,-1.008225e-02,2.463143e-02,-3.721461e-03,1.354411e-01,-3.873822e-01,0.000000e+00,5.493665e-01,-1.294616e-01,1.378554e-02,-1.363676e-02,2.833534e-04,0.000000e+00,
594,-1.483797e-03,-1.135143e-02,2.700228e-02,-5.670085e-03,1.421227e-01,-4.009354e-01,0.000000e+00,5.569353e-01,-1.270038e-01,1.285614e-02,-1.332633e-02,2.380599e-04,0.000000e+00,
595,-1.310415e-03,-1.255979e-02,2.922578e-02,-7.541348e-03,1.481397e-01,-4.128425e-01,0.000000e+00,5.628196e-01,-1.240145e-01,1.183599e-02,-1.295004e-02,1.899472e-04,0.000000e+00,
596,-1.135994e-03,-1.370769e-02,3.130322e-02,-9.335302e-03,1.534957e-01,-4.231163e-01,0.000000e+00,5.670369e-01,-1.205032e-01,1.072835e-02,-1.250975e-02,1.391422e-04,0.000000e+00,
597,-9.609711e-04,-1.479478e-02,3.323504e-02,-1.105140e-02,1.581964e-01,-4.317741e-01,0.000000e+00,5.696089e-01,-1.164814e-01,9.536836e-03,-1.200759e-02,8.578230e-05,0.000000e+00,
598,-7.860768e-04,-1.581948e-02,3.501972e-02,-1.268744e-02,1.622397e-01,-4.388176e-01,0.000000e+00,5.705438e-01,-1.119569e-01,8.264591e-03,-1.144529e-02,2.999248e-05,0.000000e+00,
599,-6.117181e-04,-1.678091e-02,3.665638e-02,-1.424175e-02,1.656263e-01,-4.442535e-01,0.000000e+00,5.698540e-01,-1.069390e-01,6.914950e-03,-1.082470e-02,-2.810780e-05,0.000000e+00,
600,-4.382659e-04,-1.767813e-02,3.814374e-02,-1.571210e-02,1.683543e-01,-4.480848e-01,0.000000e+00,5.675493e-01,-1.014367e-01,5.491421e-03,-1.014772e-02,-8.839023e-05,0.000000e+00,
601,-2.660202e-04,-1.850980e-02,3.947936e-02,-1.709500e-02,1.704172e-01,-4.503052e-01,0.000000e+00,5.636326e-01,-9.545799e-02,3.997607e-03,-9.416232e-03,-1.507120e-04,0.000000e+00,
602,-9.531886e-05,-1.927415e-02,4.065980e-02,-1.838602e-02,1.718055e-01,-4.509030e-01,0.000000e+00,5.581023e-01,-8.901065e-02,2.437177e-03,-8.632099e-03,-2.149293e-04,0.000000e+00,
603,7.367153e-05,-1.996940e-02,4.168128e-02,-1.958015e-02,1.725110e-01,-4.498711e-01,0.000000e+00,5.509624e-01,-8.210465e-02,8.144409e-04,-7.797581e-03,-2.808802e-04,0.000000e+00,
604,2.400138e-04,-2.059063e-02,4.253567e-02,-2.066898e-02,1.725182e-01,-4.471884e-01,0.000000e+00,5.422056e-01,-7.474824e-02,-8.663125e-04,-6.914912e-03,-3.483909e-04,0.000000e+00,
605,4.026926e-04,-2.113269e-02,4.321467e-02,-2.164405e-02,1.718128e-01,-4.428360e-01,0.000000e+00,5.318266e-01,-6.695026e-02,-2.600697e-03,-5.986402e-03,-4.172851e-04,0.000000e+00,
606,5.605073e-04,-2.159010e-02,4.371005e-02,-2.249695e-02,1.703836e-01,-4.368023e-01,0.000000e+00,5.198275e-01,-5.872205e-02,-4.383682e-03,-5.014827e-03,-4.873643e-04,0.000000e+00,
607,7.120883e-04,-2.195707e-02,4.401376e-02,-2.321952e-02,1.682256e-01,-4.290892e-01,0.000000e+00,5.062224e-01,-5.007821e-02,-6.209640e-03,-4.003504e-03,-5.584118e-04,0.000000e+00,
608,8.561160e-04,-2.222925e-02,4.412093e-02,-2.380628e-02,1.653459e-01,-4.197239e-01,0.000000e+00,4.910489e-01,-4.104012e-02,-8.071499e-03,-2.956861e-03,-6.301506e-04,0.000000e+00,
609,9.917012e-04,-2.240402e-02,4.402961e-02,-2.425398e-02,1.617609e-01,-4.087538e-01,0.000000e+00,4.743634e-01,-3.163443e-02,-9.961071e-03,-1.880165e-03,-7.022644e-04,0.000000e+00,
610,1.117792e-03,-2.247883e-02,4.373881e-02,-2.456020e-02,1.574973e-01,-3.962483e-01,0.000000e+00,4.562431e-01,-2.189436e-02,-1.186863e-02,-7.798899e-04,-7.743826e-04,0.000000e+00,
611,1.233403e-03,-2.245228e-02,4.325022e-02,-2.472483e-02,1.525913e-01,-3.822972e-01,0.000000e+00,4.367840e-01,-1.185843e-02,-1.378324e-02,3.365666e-04,-8.460896e-04,0.000000e+00,
612,1.337709e-03,-2.232454e-02,4.256837e-02,-2.474986e-02,1.470858e-01,-3.670047e-01,0.000000e+00,4.160959e-01,-1.569746e-03,-1.569287e-02,1.461057e-03,-9.169246e-04,0.000000e+00,
613,1.430203e-03,-2.209770e-02,4.170071e-02,-2.463931e-02,1.410276e-01,-3.504831e-01,0.000000e+00,3.942965e-01,8.926256e-03,-1.758489e-02,2.585099e-03,-9.864046e-04,0.000000e+00,
614,1.510363e-03,-2.177432e-02,4.065592e-02,-2.439827e-02,1.344681e-01,-3.328550e-01,0.000000e+00,3.715131e-01,1.958127e-02,-1.944607e-02,3.699798e-03,-1.054033e-03,0.000000e+00,
615,1.577815e-03,-2.135806e-02,3.944449e-02,-2.403325e-02,1.274611e-01,-3.142476e-01,0.000000e+00,3.478769e-01,3.034586e-02,-2.126301e-02,4.796228e-03,-1.119312e-03,0.000000e+00,
616,1.632349e-03,-2.085365e-02,3.807863e-02,-2.355194e-02,1.200621e-01,-2.947920e-01,0.000000e+00,3.235238e-01,4.116909e-02,-2.302204e-02,5.865369e-03,-1.181740e-03,0.000000e+00,
617,1.674336e-03,-2.026761e-02,3.657233e-02,-2.296300e-02,1.123268e-01,-2.746205e-01,0.000000e+00,2.985914e-01,5.199899e-02,-2.470913e-02,6.898098e-03,-1.240796e-03,0.000000e+00,
618,1.703794e-03,-1.960435e-02,3.493644e-02,-2.227280e-02,1.043074e-01,-2.538587e-01,0.000000e+00,2.732110e-01,6.278515e-02,-2.631068e-02,7.885556e-03,-1.295989e-03,0.000000e+00,
619,1.720725e-03,-1.886782e-02,3.318073e-02,-2.148682e-02,9.605204e-02,-2.326235e-01,0.000000e+00,2.475070e-01,7.347881e-02,-2.781335e-02,8.819146e-03,-1.346836e-03,0.000000e+00,
620,1.725170e-03,-1.806150e-02,3.131370e-02,-2.060953e-02,8.760271e-02,-2.110187e-01,0.000000e+00,2.215907e-01,8.403542e-02,-2.920485e-02,9.691038e-03,-1.392893e-03,0.000000e+00,
621,1.717433e-03,-1.718836e-02,2.934204e-02,-1.964414e-02,7.899650e-02,-1.891366e-01,0.000000e+00,1.955622e-01,9.441470e-02,-3.047413e-02,1.049422e-02,-1.433767e-03,0.000000e+00,
622,1.697875e-03,-1.625255e-02,2.727452e-02,-1.859575e-02,7.026793e-02,-1.670620e-01,0.000000e+00,1.695126e-01,1.045805e-01,-3.161147e-02,1.122266e-02,-1.469121e-03,0.000000e+00,
623,1.666970e-03,-1.525876e-02,2.512054e-02,-1.747023e-02,6.145111e-02,-1.448774e-01,0.000000e+00,1.435288e-01,1.144996e-01,-3.260828e-02,1.187105e-02,-1.498668e-03,0.000000e+00,
624,1.625963e-03,-1.421427e-02,2.289234e-02,-1.627549e-02,5.258025e-02,-1.226634e-01,0.000000e+00,1.176943e-01,1.241418e-01,-3.345711e-02,1.243483e-02,-1.522157e-03,0.000000e+00,
625,1.576387e-03,-1.312797e-02,2.060458e-02,-1.502150e-02,4.369109e-02,-1.005022e-01,0.000000e+00,9.209218e-02,1.334783e-01,-3.415121e-02,1.290991e-02,-1.539361e-03,0.000000e+00,
626,1.519461e-03,-1.200855e-02,1.827223e-02,-1.371874e-02,3.482018e-02,-7.847656e-02,0.000000e+00,6.680471e-02,1.424821e-01,-3.468452e-02,1.329266e-02,-1.550093e-03,0.000000e+00,
627,1.455861e-03,-1.086193e-02,1.590652e-02,-1.237515e-02,2.600421e-02,-5.666931e-02,0.000000e+00,4.191337e-02,1.511266e-01,-3.505137e-02,1.357947e-02,-1.554181e-03,0.000000e+00,
628,1.386680e-03,-9.694988e-03,1.351978e-02,-1.099952e-02,1.728228e-02,-3.516804e-02,0.000000e+00,1.750374e-02,1.593847e-01,-3.524608e-02,1.376680e-02,-1.551460e-03,0.000000e+00,
629,1.312346e-03,-8.512545e-03,1.112225e-02,-9.599403e-03,8.693708e-03,-1.406098e-02,0.000000e+00,-6.337948e-03,1.672292e-01,-3.526315e-02,1.385118e-02,-1.541786e-03,0.000000e+00,
630,1.233313e-03,-7.319897e-03,8.725208e-03,-8.183069e-03,2.814500e-04,6.555359e-03,0.000000e+00,-2.951742e-02,1.746303e-01,-3.509671e-02,1.382901e-02,-1.525030e-03,0.000000e+00,
631,1.149998e-03,-6.122252e-03,6.339869e-03,-6.758638e-03,-7.911058e-03,2.658282e-02,0.000000e+00,-5.193851e-02,1.815579e-01,-3.474094e-02,1.369665e-02,-1.501045e-03,0.000000e+00,
632,1.062841e-03,-4.924606e-03,3.976757e-03,-5.333562e-03,-1.584374e-02,4.593004e-02,0.000000e+00,-7.351126e-02,1.879839e-01,-3.419075e-02,1.345111e-02,-1.469735e-03,0.000000e+00,
633,9.712560e-04,-3.728605e-03,1.642212e-03,-3.912410e-03,-2.348468e-02,6.452317e-02,0.000000e+00,-9.416245e-02,1.938858e-01,-3.344254e-02,1.309038e-02,-1.431062e-03,0.000000e+00,
634,8.749439e-04,-2.536969e-03,-6.563182e-04,-2.500642e-03,-3.080595e-02,8.229790e-02,0.000000e+00,-1.138287e-01,1.992448e-01,-3.249393e-02,1.261335e-02,-1.385035e-03,0.000000e+00,
635,7.734484e-04,-1.350676e-03,-2.914786e-03,-1.101119e-03,-3.778836e-02,9.920921e-02,0.000000e+00,-1.324656e-01,2.040486e-01,-3.134412e-02,1.201992e-02,-1.331717e-03,0.000000e+00,
636,6.657108e-04,-1.682324e-04,-5.132495e-03,2.853532e-04,-4.441990e-02,1.152288e-01,0.000000e+00,-1.500457e-01,2.082913e-01,-2.999402e-02,1.131119e-02,-1.271257e-03,0.000000e+00,
637,5.513508e-04,1.010009e-03,-7.307278e-03,1.657034e-03,-5.069168e-02,1.303362e-01,0.000000e+00,-1.665503e-01,2.119699e-01,-2.844537e-02,1.048887e-02,-1.203828e-03,0.000000e+00,
638,4.300105e-04,2.183263e-03,-9.436309e-03,3.011479e-03,-5.659508e-02,1.445127e-01,0.000000e+00,-1.819628e-01,2.150830e-01,-2.670029e-02,9.554950e-03,-1.129624e-03,0.000000e+00,
639,3.010815e-04,3.352318e-03,-1.151928e-02,4.348089e-03,-6.212483e-02,1.577471e-01,0.000000e+00,-1.962741e-01,2.176313e-01,-2.476148e-02,8.511807e-03,-1.048867e-03,0.000000e+00,
640,1.638867e-04,4.518326e-03,-1.355647e-02,5.666635e-03,-6.727698e-02,1.700311e-01,0.000000e+00,-2.094781e-01,2.196168e-01,-2.263192e-02,7.362053e-03,-9.617923e-04,0.000000e+00,
641,1.838327e-05,5.680240e-03,-1.554560e-02,6.965264e-03,-7.204527e-02,1.813517e-01,0.000000e+00,-2.215644e-01,2.210402e-01,-2.031437e-02,6.108186e-03,-8.686205e-04,0.000000e+00,
642,-1.360672e-04,6.838605e-03,-1.748567e-02,8.242677e-03,-7.642165e-02,1.916921e-01,0.000000e+00,-2.325195e-01,2.219019e-01,-1.781184e-02,4.752759e-03,-7.695892e-04,0.000000e+00,
643,-2.994337e-04,7.992046e-03,-1.937375e-02,9.496489e-03,-8.039664e-02,2.010326e-01,0.000000e+00,-2.423272e-01,2.222020e-01,-1.512752e-02,3.298530e-03,-6.649531e-04,0.000000e+00,
644,-4.707354e-04,9.135399e-03,-2.120213e-02,1.072107e-02,-8.395773e-02,2.093468e-01,0.000000e+00,-2.509656e-01,2.219396e-01,-1.226459e-02,1.748411e-03,-5.549643e-04,0.000000e+00,
645,-6.489430e-04,1.026316e-02,-2.296253e-02,1.191035e-02,-8.709097e-02,2.166058e-01,0.000000e+00,-2.584103e-01,2.211134e-01,-9.226623e-03,1.056077e-04,-4.398999e-04,0.000000e+00,
646,-8.330090e-04,1.137002e-02,-2.464722e-02,1.305873e-02,-8.978487e-02,2.227853e-01,0.000000e+00,-2.646417e-01,2.197244e-01,-6.017863e-03,-1.626159e-03,-3.200682e-04,0.000000e+00,
647,-1.022408e-03,1.245210e-02,-2.625028e-02,1.416192e-02,-9.203231e-02,2.278710e-01,0.000000e+00,-2.696494e-01,2.177762e-01,-2.643432e-03,-3.442431e-03,-1.958303e-04,0.000000e+00,
648,-1.215332e-03,1.350193e-02,-2.776228e-02,1.521331e-02,-9.382864e-02,2.318544e-01,0.000000e+00,-2.734296e-01,2.152749e-01,8.909571e-04,-5.338212e-03,-6.754851e-05,0.000000e+00,
649,-1.410902e-03,1.451585e-02,-2.917881e-02,1.620969e-02,-9.517462e-02,2.347392e-01,0.000000e+00,-2.759898e-01,2.122305e-01,4.578567e-03,-7.307862e-03,6.435819e-05,0.000000e+00,
650,-1.607535e-03,1.548834e-02,-3.049415e-02,1.714712e-02,-9.607532e-02,2.365393e-01,0.000000e+00,-2.773481e-01,2.086567e-01,8.411781e-03,-9.345056e-03,1.994474e-04,0.000000e+00,
651,-1.803668e-03,1.641438e-02,-3.170368e-02,1.802241e-02,-9.654085e-02,2.372798e-01,0.000000e+00,-2.775341e-01,2.045709e-01,1.238197e-02,-1.144265e-02,3.372293e-04,0.000000e+00,
652,-1.997246e-03,1.728814e-02,-3.280247e-02,1.883216e-02,-9.658317e-02,2.369909e-01,0.000000e+00,-2.765824e-01,1.999926e-01,1.647993e-02,-1.359310e-02,4.772090e-04,0.000000e+00,
653,-2.186779e-03,1.810582e-02,-3.378839e-02,1.957500e-02,-9.621864e-02,2.357123e-01,0.000000e+00,-2.745370e-01,1.949446e-01,2.069558e-02,-1.578825e-02,6.188518e-04,0.000000e+00,
654,-2.370765e-03,1.886388e-02,-3.466003e-02,2.025004e-02,-9.546678e-02,2.334911e-01,0.000000e+00,-2.714496e-01,1.894523e-01,2.501798e-02,-1.801936e-02,7.616064e-04,0.000000e+00,
655,-2.547658e-03,1.955876e-02,-3.541609e-02,2.085639e-02,-9.434828e-02,2.303775e-01,0.000000e+00,-2.673755e-01,1.835430e-01,2.943568e-02,-2.027736e-02,9.049174e-04,0.000000e+00,
656,-2.716380e-03,2.018798e-02,-3.605601e-02,2.139324e-02,-9.288555e-02,2.264264e-01,0.000000e+00,-2.623751e-01,1.772460e-01,3.393638e-02,-2.255263e-02,1.048208e-03,0.000000e+00,
657,-2.874720e-03,2.074491e-02,-3.657468e-02,2.185687e-02,-9.110297e-02,2.216980e-01,0.000000e+00,-2.565145e-01,1.705935e-01,3.850691e-02,-2.483480e-02,1.190887e-03,0.000000e+00,
658,-3.021248e-03,2.122526e-02,-3.696925e-02,2.224478e-02,-8.902427e-02,2.162513e-01,0.000000e+00,-2.498597e-01,1.636184e-01,4.313357e-02,-2.711315e-02,1.332334e-03,0.000000e+00,
659,-3.155027e-03,2.162703e-02,-3.723966e-02,2.255620e-02,-8.667271e-02,2.101444e-01,0.000000e+00,-2.424761e-01,1.563539e-01,4.780216e-02,-2.937673e-02,1.471905e-03,0.000000e+00,
660,-3.275970e-03,2.195058e-02,-3.738784e-02,2.279129e-02,-8.406871e-02,2.034297e-01,0.000000e+00,-2.344237e-01,1.488320e-01,5.249839e-02,-3.161452e-02,1.608938e-03,0.000000e+00,
661,-3.382194e-03,2.218956e-02,-3.740786e-02,2.294522e-02,-8.122880e-02,1.961511e-01,0.000000e+00,-2.257549e-01,1.410824e-01,5.720849e-02,-3.381555e-02,1.742806e-03,0.000000e+00,
662,-3.473778e-03,2.234419e-02,-3.730053e-02,2.301724e-02,-7.816600e-02,1.883445e-01,0.000000e+00,-2.165135e-01,1.331318e-01,6.191920e-02,-3.596942e-02,1.872871e-03,0.000000e+00,
663,-3.550826e-03,2.241455e-02,-3.706614e-02,2.300621e-02,-7.489070e-02,1.800395e-01,0.000000e+00,-2.067377e-01,1.250051e-01,6.661766e-02,-3.806600e-02,1.998511e-03,0.000000e+00,
664,-3.613025e-03,2.239817e-02,-3.670120e-02,2.290838e-02,-7.140882e-02,1.712563e-01,0.000000e+00,-1.964561e-01,1.167246e-01,7.129139e-02,-4.009524e-02,2.119106e-03,0.000000e+00,
665,-3.659552e-03,2.229211e-02,-3.620273e-02,2.272063e-02,-6.773059e-02,1.620241e-01,0.000000e+00,-1.857063e-01,1.083150e-01,7.592741e-02,-4.204663e-02,2.234006e-03,0.000000e+00,
666,-3.691083e-03,2.209945e-02,-3.557490e-02,2.244467e-02,-6.386570e-02,1.523700e-01,0.000000e+00,-1.745231e-01,9.980022e-02,8.051253e-02,-4.390967e-02,2.342514e-03,0.000000e+00,
667,-3.707601e-03,2.182146e-02,-3.482059e-02,2.208166e-02,-5.982627e-02,1.423259e-01,0.000000e+00,-1.629456e-01,9.120491e-02,8.503375e-02,-4.567390e-02,2.443953e-03,0.000000e+00,
668,-3.709166e-03,2.146003e-02,-3.394372e-02,2.163368e-02,-5.562707e-02,1.319289e-01,0.000000e+00,-1.510170e-01,8.255401e-02,8.947827e-02,-4.732892e-02,2.537638e-03,0.000000e+00,
669,-3.695916e-03,2.101773e-02,-3.294954e-02,2.110392e-02,-5.128617e-02,1.212227e-01,0.000000e+00,-1.387859e-01,7.387315e-02,9.383358e-02,-4.886456e-02,2.622901e-03,0.000000e+00,
670,-3.668320e-03,2.049876e-02,-3.184531e-02,2.049697e-02,-4.682317e-02,1.102537e-01,0.000000e+00,-1.263025e-01,6.518779e-02,9.808735e-02,-5.027073e-02,2.699077e-03,0.000000e+00,
671,-3.626421e-03,1.990559e-02,-3.063663e-02,1.981655e-02,-4.226196e-02,9.907716e-02,0.000000e+00,-1.136253e-01,5.652515e-02,1.022273e-01,-5.153739e-02,2.765524e-03,0.000000e+00,
672,-3.570291e-03,1.924080e-02,-2.932917e-02,1.906635e-02,-3.762633e-02,8.774855e-02,0.000000e+00,-1.008128e-01,4.791261e-02,1.062412e-01,-5.265439e-02,2.821586e-03,0.000000e+00,
673,-3.499994e-03,1.850704e-02,-2.792879e-02,1.825024e-02,-3.294118e-02,7.632585e-02,0.000000e+00,-8.792615e-02,3.937841e-02,1.101165e-01,-5.361157e-02,2.866625e-03,0.000000e+00,
674,-3.415976e-03,1.770930e-02,-2.644485e-02,1.737447e-02,-2.823543e-02,6.487563e-02,0.000000e+00,-7.503472e-02,3.095300e-02,1.138404e-01,-5.439871e-02,2.899989e-03,0.000000e+00,
675,-3.318806e-03,1.685176e-02,-2.488520e-02,1.644426e-02,-2.353657e-02,5.346178e-02,0.000000e+00,-6.220550e-02,2.266622e-02,1.174006e-01,-5.500600e-02,2.921064e-03,0.000000e+00,
676,-3.209021e-03,1.593844e-02,-2.325718e-02,1.546409e-02,-1.887034e-02,4.214510e-02,0.000000e+00,-4.950305e-02,1.454713e-02,1.207852e-01,-5.542427e-02,2.929281e-03,0.000000e+00,
677,-3.086525e-03,1.497071e-02,-2.156505e-02,1.443654e-02,-1.426455e-02,3.099117e-02,0.000000e+00,-3.699642e-02,6.625798e-03,1.239827e-01,-5.564477e-02,2.924138e-03,0.000000e+00,
678,-2.952207e-03,1.395350e-02,-1.981681e-02,1.336637e-02,-9.744365e-03,2.005957e-02,0.000000e+00,-2.474880e-02,-1.070169e-03,1.269828e-01,-5.566000e-02,2.905195e-03,0.000000e+00,
679,-2.806337e-03,1.288876e-02,-1.801650e-02,1.225573e-02,-5.332612e-03,9.404850e-03,0.000000e+00,-1.281825e-02,-8.515603e-03,1.297765e-01,-5.546366e-02,2.872122e-03,0.000000e+00,
680,-2.649088e-03,1.177782e-02,-1.616700e-02,1.110601e-02,-1.047910e-03,-9.282253e-04,0.000000e+00,-1.252523e-03,-1.569000e-02,1.323570e-01,-5.505122e-02,2.824716e-03,0.000000e+00,
681,-2.480892e-03,1.062326e-02,-1.427288e-02,9.920026e-03,3.093303e-03,-1.090098e-02,0.000000e+00,9.907643e-03,-2.257655e-02,1.347191e-01,-5.441957e-02,2.762864e-03,0.000000e+00,
682,-2.302410e-03,9.428152e-03,-1.233842e-02,8.700051e-03,7.080493e-03,-2.048773e-02,0.000000e+00,2.063453e-02,-2.916355e-02,1.368592e-01,-5.356706e-02,2.686535e-03,0.000000e+00,
683,-2.113207e-03,8.191229e-03,-1.036278e-02,7.445160e-03,1.090513e-02,-2.966738e-02,0.000000e+00,3.090547e-02,-3.544158e-02,1.387750e-01,-5.249257e-02,2.595765e-03,0.000000e+00,
684,-1.913415e-03,6.913522e-03,-8.347620e-03,6.156061e-03,1.456227e-02,-3.842740e-02,0.000000e+00,4.070663e-02,-4.140463e-02,1.404649e-01,-5.119574e-02,2.490614e-03,0.000000e+00,
685,-1.703480e-03,5.597765e-03,-6.296631e-03,4.834739e-03,1.804700e-02,-4.675573e-02,0.000000e+00,5.002491e-02,-4.704729e-02,1.419275e-01,-4.967645e-02,2.371157e-03,0.000000e+00,
686,-1.484338e-03,4.247304e-03,-4.213489e-03,3.483021e-03,2.135654e-02,-5.464484e-02,0.000000e+00,5.885158e-02,-5.236550e-02,1.431618e-01,-4.793474e-02,2.237465e-03,0.000000e+00,
687,-1.257148e-03,2.866906e-03,-2.104131e-03,2.104631e-03,2.448659e-02,-6.208479e-02,0.000000e+00,6.717599e-02,-5.735498e-02,1.441667e-01,-4.597084e-02,2.089624e-03,0.000000e+00,
688,-1.023518e-03,1.463795e-03,2.208211e-05,7.056868e-04,2.743099e-02,-6.906210e-02,0.000000e+00,7.498456e-02,-6.201100e-02,1.449413e-01,-4.378512e-02,1.927724e-03,0.000000e+00,
689,-7.844989e-04,4.242711e-05,2.159507e-03,-7.102209e-04,3.018543e-02,-7.556701e-02,0.000000e+00,8.226719e-02,-6.633003e-02,1.454852e-01,-4.137845e-02,1.751903e-03,0.000000e+00,
690,-5.410906e-04,-1.392927e-03,4.302728e-03,-2.139646e-03,3.274590e-02,-8.159042e-02,0.000000e+00,8.901449e-02,-7.030906e-02,1.457985e-01,-3.875213e-02,1.562334e-03,0.000000e+00,
691,-2.939612e-04,-2.837692e-03,6.444982e-03,-3.577876e-03,3.510743e-02,-8.712193e-02,0.000000e+00,9.521637e-02,-7.394553e-02,1.458817e-01,-3.590807e-02,1.359240e-03,0.000000e+00,
692,-4.392616e-05,-4.286329e-03,8.578044e-03,-5.018992e-03,3.726570e-02,-9.215308e-02,0.000000e+00,1.008649e-01,-7.723813e-02,1.457363e-01,-3.284900e-02,1.142897e-03,0.000000e+00,
693,2.077168e-04,-5.732431e-03,1.069341e-02,-6.456956e-03,3.921997e-02,-9.668353e-02,0.000000e+00,1.059602e-01,-8.018849e-02,1.453644e-01,-2.957853e-02,9.136358e-04,0.000000e+00,
694,4.597278e-04,-7.169840e-03,1.278296e-02,-7.885957e-03,4.097059e-02,-1.007155e-01,0.000000e+00,1.105049e-01,-8.279946e-02,1.447691e-01,-2.610089e-02,6.718360e-04,0.000000e+00,
695,7.104312e-04,-8.590431e-03,1.483584e-02,-9.298063e-03,4.251967e-02,-1.042559e-01,0.000000e+00,1.145066e-01,-8.507576e-02,1.439539e-01,-2.242088e-02,4.179023e-04,0.000000e+00,
696,9.572911e-04,-9.983404e-03,1.683855e-02,-1.068380e-02,4.387020e-02,-1.073135e-01,0.000000e+00,1.179749e-01,-8.702297e-02,1.429226e-01,-1.854366e-02,1.522581e-04,0.000000e+00,
697,1.198997e-03,-1.134266e-02,1.878357e-02,-1.203782e-02,4.502755e-02,-1.099019e-01,0.000000e+00,1.209235e-01,-8.864799e-02,1.416795e-01,-1.447464e-02,-1.246340e-04,0.000000e+00,
698,1.434983e-03,-1.266428e-02,2.066534e-02,-1.335584e-02,4.599663e-02,-1.120336e-01,0.000000e+00,1.233656e-01,-8.995785e-02,1.402293e-01,-1.021963e-02,-4.122476e-04,0.000000e+00,
699,1.664625e-03,-1.394416e-02,2.247818e-02,-1.463349e-02,4.678284e-02,-1.137224e-01,0.000000e+00,1.253157e-01,-9.096005e-02,1.385767e-01,-5.784516e-03,-7.100544e-04,0.000000e+00,
700,1.887183e-03,-1.517913e-02,2.421836e-02,-1.586791e-02,4.739020e-02,-1.149789e-01,0.000000e+00,1.267855e-01,-9.166152e-02,1.367267e-01,-1.175448e-03,-1.017477e-03,0.000000e+00,
701,2.102545e-03,-1.636770e-02,2.588386e-02,-1.705739e-02,4.782358e-02,-1.158154e-01,0.000000e+00,1.277881e-01,-9.207006e-02,1.346849e-01,3.600929e-03,-1.333886e-03,0.000000e+00,
702,2.309838e-03,-1.750617e-02,2.747016e-02,-1.819837e-02,4.808792e-02,-1.162449e-01,0.000000e+00,1.283378e-01,-9.219417e-02,1.324574e-01,8.537297e-03,-1.658604e-03,0.000000e+00,
703,2.508004e-03,-1.858998e-02,2.897180e-02,-1.928692e-02,4.818841e-02,-1.162808e-01,0.000000e+00,1.284494e-01,-9.204262e-02,1.300503e-01,1.362613e-02,-1.990943e-03,0.000000e+00,
704,2.695728e-03,-1.961299e-02,3.038095e-02,-2.031722e-02,4.812931e-02,-1.159349e-01,0.000000e+00,1.281363e-01,-9.162441e-02,1.274703e-01,1.885911e-02,-2.330142e-03,0.000000e+00,
705,2.872536e-03,-2.057181e-02,3.169273e-02,-2.128537e-02,4.791646e-02,-1.152224e-01,0.000000e+00,1.274150e-01,-9.094965e-02,1.247249e-01,2.422736e-02,-2.675370e-03,0.000000e+00,
706,3.038431e-03,-2.146546e-02,3.290539e-02,-2.218952e-02,4.755642e-02,-1.141597e-01,0.000000e+00,1.263036e-01,-9.002921e-02,1.218218e-01,2.972140e-02,-3.025727e-03,0.000000e+00,
707,3.192861e-03,-2.229007e-02,3.401331e-02,-2.302505e-02,4.705398e-02,-1.127602e-01,0.000000e+00,1.248173e-01,-8.887352e-02,1.187693e-01,3.533152e-02,-3.380299e-03,0.000000e+00,
708,3.335744e-03,-2.304420e-02,3.501401e-02,-2.378941e-02,4.641471e-02,-1.110387e-01,0.000000e+00,1.229732e-01,-8.749392e-02,1.155758e-01,4.104732e-02,-3.738080e-03,0.000000e+00,
709,3.467210e-03,-2.372770e-02,3.590702e-02,-2.448162e-02,4.564461e-02,-1.090107e-01,0.000000e+00,1.207886e-01,-8.590182e-02,1.122501e-01,4.685842e-02,-4.098070e-03,0.000000e+00,
710,3.587368e-03,-2.434049e-02,3.669209e-02,-2.510088e-02,4.475084e-02,-1.066941e-01,0.000000e+00,1.182834e-01,-8.410941e-02,1.088013e-01,5.275423e-02,-4.459249e-03,0.000000e+00,
711,3.696481e-03,-2.488341e-02,3.737039e-02,-2.564741e-02,4.374017e-02,-1.041060e-01,0.000000e+00,1.154765e-01,-8.212872e-02,1.052384e-01,5.872401e-02,-4.820559e-03,0.000000e+00,
712,3.794590e-03,-2.535649e-02,3.794235e-02,-2.612131e-02,4.262050e-02,-1.012655e-01,0.000000e+00,1.123889e-01,-7.997251e-02,1.015708e-01,6.475646e-02,-5.180891e-03,0.000000e+00,
713,3.881654e-03,-2.575944e-02,3.840806e-02,-2.652243e-02,4.139965e-02,-9.819146e-02,0.000000e+00,1.090412e-01,-7.765346e-02,9.780807e-02,7.084023e-02,-5.539119e-03,0.000000e+00,
714,3.958115e-03,-2.609447e-02,3.877101e-02,-2.685291e-02,4.008699e-02,-9.490606e-02,0.000000e+00,1.054573e-01,-7.518537e-02,9.396013e-02,7.696345e-02,-5.894052e-03,0.000000e+00,
715,4.024427e-03,-2.636369e-02,3.903440e-02,-2.711467e-02,3.869106e-02,-9.142966e-02,0.000000e+00,1.016594e-01,-7.258183e-02,9.003723e-02,8.311392e-02,-6.244457e-03,0.000000e+00,
716,4.080065e-03,-2.656562e-02,3.919725e-02,-2.730677e-02,3.722036e-02,-8.778317e-02,0.000000e+00,9.767047e-02,-6.985704e-02,8.604989e-02,8.927896e-02,-6.589076e-03,0.000000e+00,
717,4.125059e-03,-2.670138e-02,3.926194e-02,-2.743051e-02,3.568371e-02,-8.398802e-02,0.000000e+00,9.351411e-02,-6.702533e-02,8.200877e-02,9.544586e-02,-6.926631e-03,0.000000e+00,
718,4.159499e-03,-2.677226e-02,3.923102e-02,-2.748727e-02,3.409016e-02,-8.006608e-02,0.000000e+00,8.921428e-02,-6.410139e-02,7.792483e-02,1.016015e-01,-7.255791e-03,0.000000e+00,
719,4.183022e-03,-2.677712e-02,3.910369e-02,-2.747617e-02,3.244754e-02,-7.603697e-02,0.000000e+00,8.479298e-02,-6.109951e-02,7.380908e-02,1.077324e-01,-7.575184e-03,0.000000e+00,
720,4.194935e-03,-2.671469e-02,3.887985e-02,-2.739700e-02,3.076479e-02,-7.192247e-02,0.000000e+00,8.027409e-02,-5.803429e-02,6.967245e-02,1.138252e-01,-7.883424e-03,0.000000e+00,
721,4.195266e-03,-2.658583e-02,3.856139e-02,-2.725081e-02,2.905009e-02,-6.774217e-02,0.000000e+00,7.567905e-02,-5.491912e-02,6.552539e-02,1.198667e-01,-8.179127e-03,0.000000e+00,
722,4.184177e-03,-2.639231e-02,3.815159e-02,-2.703970e-02,2.731171e-02,-6.351565e-02,0.000000e+00,7.102909e-02,-5.176676e-02,6.137773e-02,1.258445e-01,-8.460942e-03,0.000000e+00,
723,4.161457e-03,-2.613398e-02,3.765106e-02,-2.676392e-02,2.555655e-02,-5.925944e-02,0.000000e+00,6.634216e-02,-4.858827e-02,5.723824e-02,1.317472e-01,-8.727618e-03,0.000000e+00,
724,4.127041e-03,-2.581172e-02,3.706194e-02,-2.642484e-02,2.379160e-02,-5.499001e-02,0.000000e+00,6.163598e-02,-4.539409e-02,5.311505e-02,1.375641e-01,-8.977951e-03,0.000000e+00,
725,4.081052e-03,-2.542588e-02,3.638489e-02,-2.602268e-02,2.202225e-02,-5.072053e-02,0.000000e+00,5.692503e-02,-4.219341e-02,4.901576e-02,1.432849e-01,-9.210765e-03,0.000000e+00,
726,4.023534e-03,-2.497668e-02,3.562057e-02,-2.555765e-02,2.025494e-02,-4.646633e-02,0.000000e+00,5.222570e-02,-3.899572e-02,4.494772e-02,1.488996e-01,-9.424934e-03,0.000000e+00,
727,3.954651e-03,-2.446484e-02,3.476997e-02,-2.502999e-02,1.849479e-02,-4.224008e-02,0.000000e+00,4.755188e-02,-3.580964e-02,4.091801e-02,1.543985e-01,-9.619344e-03,0.000000e+00,
728,3.875057e-03,-2.389383e-02,3.383816e-02,-2.444296e-02,1.674780e-02,-3.805582e-02,0.000000e+00,4.291869e-02,-3.264401e-02,3.693364e-02,1.597724e-01,-9.792892e-03,0.000000e+00,
729,3.785126e-03,-2.326553e-02,3.282778e-02,-2.379802e-02,1.501762e-02,-3.392268e-02,0.000000e+00,3.833660e-02,-2.950607e-02,3.300092e-02,1.650127e-01,-9.944580e-03,0.000000e+00,
730,3.685242e-03,-2.258204e-02,3.174189e-02,-2.309706e-02,1.330866e-02,-2.985111e-02,0.000000e+00,3.381696e-02,-2.640283e-02,2.912556e-02,1.701117e-01,-1.007352e-02,0.000000e+00,
731,3.575792e-03,-2.184540e-02,3.058331e-02,-2.234172e-02,1.162339e-02,-2.584740e-02,0.000000e+00,2.936721e-02,-2.333971e-02,2.531237e-02,1.750631e-01,-1.017895e-02,0.000000e+00,
732,3.456924e-03,-2.105673e-02,2.935401e-02,-2.153349e-02,9.964701e-03,-2.191816e-02,0.000000e+00,2.499477e-02,-2.032177e-02,2.156572e-02,1.798608e-01,-1.026017e-02,0.000000e+00,
733,3.328531e-03,-2.021578e-02,2.805401e-02,-2.067234e-02,8.334605e-03,-1.806846e-02,0.000000e+00,2.070557e-02,-1.735331e-02,1.788934e-02,1.844999e-01,-1.031660e-02,0.000000e+00,
734,3.190761e-03,-1.932362e-02,2.668489e-02,-1.975919e-02,6.736088e-03,-1.430536e-02,0.000000e+00,1.650719e-02,-1.443878e-02,1.428676e-02,1.889756e-01,-1.034768e-02,0.000000e+00,
735,3.044094e-03,-1.838276e-02,2.525010e-02,-1.879616e-02,5.170124e-03,-1.063161e-02,0.000000e+00,1.240329e-02,-1.158142e-02,1.076105e-02,1.932837e-01,-1.035290e-02,0.000000e+00,
736,2.889150e-03,-1.739648e-02,2.375422e-02,-1.778640e-02,3.639482e-03,-7.053213e-03,0.000000e+00,8.400254e-03,-8.784923e-03,7.315258e-03,1.974205e-01,-1.033180e-02,0.000000e+00,
737,2.726988e-03,-1.636989e-02,2.220398e-02,-1.673430e-02,2.146911e-03,-3.576179e-03,0.000000e+00,4.504469e-03,-6.052892e-03,3.952135e-03,2.013825e-01,-1.028398e-02,0.000000e+00,
738,2.558312e-03,-1.530785e-02,2.060629e-02,-1.564443e-02,6.950716e-04,-2.062384e-04,0.000000e+00,7.220292e-04,-3.388724e-03,6.742076e-04,2.051672e-01,-1.020913e-02,0.000000e+00,
739,2.383754e-03,-1.421481e-02,1.896769e-02,-1.452136e-02,-7.135100e-04,3.051426e-03,0.000000e+00,-2.941559e-03,-7.955046e-04,-2.516346e-03,2.087723e-01,-1.010704e-02,0.000000e+00,
740,2.203765e-03,-1.309426e-02,1.729332e-02,-1.336866e-02,-2.075877e-03,6.190646e-03,0.000000e+00,-6.479904e-03,1.723401e-03,-5.617364e-03,2.121961e-01,-9.977544e-03,0.000000e+00,
741,2.019328e-03,-1.195221e-02,1.559153e-02,-1.219202e-02,-3.390055e-03,9.207663e-03,0.000000e+00,-9.888921e-03,4.165409e-03,-8.626979e-03,2.154373e-01,-9.820542e-03,0.000000e+00,
742,1.830468e-03,-1.079007e-02,1.386477e-02,-1.099324e-02,-4.653571e-03,1.209716e-02,0.000000e+00,-1.316298e-02,6.527409e-03,-1.154335e-02,2.184944e-01,-9.635979e-03,0.000000e+00,
743,1.638217e-03,-9.612677e-03,1.211951e-02,-9.776911e-03,-5.862955e-03,1.485227e-02,0.000000e+00,-1.629521e-02,8.806131e-03,-1.436464e-02,2.213665e-01,-9.423798e-03,0.000000e+00,
744,1.443600e-03,-8.424616e-03,1.036163e-02,-8.547083e-03,-7.017183e-03,1.747124e-02,0.000000e+00,-1.928335e-02,1.099949e-02,-1.708916e-02,2.240523e-01,-9.183935e-03,0.000000e+00,
745,1.247676e-03,-7.230696e-03,8.597382e-03,-7.308252e-03,-8.114687e-03,1.995158e-02,0.000000e+00,-2.212471e-02,1.310559e-02,-1.971555e-02,2.265511e-01,-8.916359e-03,0.000000e+00,
746,1.051013e-03,-6.033201e-03,6.829621e-03,-6.062372e-03,-9.154511e-03,2.229120e-02,0.000000e+00,-2.481667e-02,1.512248e-02,-2.224257e-02,2.288624e-01,-8.621055e-03,0.000000e+00,
747,8.538431e-04,-4.834232e-03,5.061695e-03,-4.812056e-03,-1.013644e-02,2.449020e-02,0.000000e+00,-2.735902e-02,1.704933e-02,-2.466956e-02,2.309862e-01,-8.298067e-03,0.000000e+00,
748,6.567781e-04,-3.636109e-03,3.296302e-03,-3.559153e-03,-1.106152e-02,2.655109e-02,0.000000e+00,-2.975375e-02,1.888613e-02,-2.699637e-02,2.329231e-01,-7.947523e-03,0.000000e+00,
749,4.595674e-04,-2.438707e-03,1.534021e-03,-2.304430e-03,-1.192885e-02,2.847227e-02,0.000000e+00,-3.199924e-02,2.063224e-02,-2.922313e-02,2.346742e-01,-7.569598e-03,0.000000e+00,
750,2.619416e-04,-1.241769e-03,-2.248469e-04,-1.048324e-03,-1.273849e-02,3.025389e-02,0.000000e+00,-3.409548e-02,2.228752e-02,-3.135026e-02,2.362410e-01,-7.164523e-03,0.000000e+00,
751,6.308789e-05,-4.408897e-05,-1.980644e-03,2.089997e-04,-1.349156e-02,3.189869e-02,0.000000e+00,-3.604493e-02,2.385270e-02,-3.337853e-02,2.376254e-01,-6.732571e-03,0.000000e+00,
752,-1.361196e-04,1.150301e-03,-3.728056e-03,1.463707e-03,-1.418841e-02,3.340820e-02,0.000000e+00,-3.784911e-02,2.532850e-02,-3.530876e-02,2.388295e-01,-6.274028e-03,0.000000e+00,
753,-3.373703e-04,2.345433e-03,-5.470401e-03,2.717446e-03,-1.483150e-02,3.478786e-02,0.000000e+00,-3.951301e-02,2.671635e-02,-3.714188e-02,2.398553e-01,-5.789174e-03,0.000000e+00,
754,-5.411971e-04,3.541155e-03,-7.206253e-03,3.968825e-03,-1.542376e-02,3.604450e-02,0.000000e+00,-4.104291e-02,2.801808e-02,-3.887884e-02,2.407048e-01,-5.278291e-03,0.000000e+00,
755,-7.475396e-04,4.736130e-03,-8.933182e-03,5.215690e-03,-1.596726e-02,3.718339e-02,0.000000e+00,-4.244377e-02,2.923525e-02,-4.052048e-02,2.413799e-01,-4.741652e-03,0.000000e+00,
756,-9.566127e-04,5.930506e-03,-1.065091e-02,6.457630e-03,-1.646383e-02,3.820872e-02,0.000000e+00,-4.371951e-02,3.036911e-02,-4.206766e-02,2.418827e-01,-4.179543e-03,0.000000e+00,
757,-1.168633e-03,7.124517e-03,-1.235932e-02,7.694255e-03,-1.691564e-02,3.912556e-02,0.000000e+00,-4.487483e-02,3.142109e-02,-4.352131e-02,2.422151e-01,-3.592261e-03,0.000000e+00,
758,-1.382646e-03,8.313940e-03,-1.405291e-02,8.921608e-03,-1.732295e-02,3.993532e-02,0.000000e+00,-4.591123e-02,3.239205e-02,-4.488235e-02,2.423796e-01,-2.980142e-03,0.000000e+00,
759,-1.597468e-03,9.495304e-03,-1.572804e-02,1.013713e-02,-1.768651e-02,4.064031e-02,0.000000e+00,-4.683109e-02,3.328312e-02,-4.615191e-02,2.423787e-01,-2.343554e-03,0.000000e+00,
760,-1.813034e-03,1.066728e-02,-1.738269e-02,1.133936e-02,-1.800785e-02,4.124431e-02,0.000000e+00,-4.763812e-02,3.409596e-02,-4.733146e-02,2.422154e-01,-1.682914e-03,0.000000e+00,
761,-2.028185e-03,1.182483e-02,-1.901028e-02,1.252342e-02,-1.828758e-02,4.174996e-02,0.000000e+00,-4.833522e-02,3.483219e-02,-4.842246e-02,2.418930e-01,-9.986349e-04,0.000000e+00,
762,-2.242726e-03,1.296633e-02,-2.060859e-02,1.368773e-02,-1.852862e-02,4.216399e-02,0.000000e+00,-4.892893e-02,3.549442e-02,-4.942668e-02,2.414146e-01,-2.911568e-04,0.000000e+00,
763,-2.455969e-03,1.408916e-02,-2.217451e-02,1.483019e-02,-1.873348e-02,4.249222e-02,0.000000e+00,-4.942490e-02,3.608503e-02,-5.034582e-02,2.407836e-01,4.391067e-04,0.000000e+00,
764,-2.668086e-03,1.519264e-02,-2.370660e-02,1.594961e-02,-1.890460e-02,4.274038e-02,0.000000e+00,-4.982882e-02,3.660647e-02,-5.118157e-02,2.400027e-01,1.191762e-03,0.000000e+00,
765,-2.878068e-03,1.627454e-02,-2.520311e-02,1.704492e-02,-1.904503e-02,4.291537e-02,0.000000e+00,-5.014737e-02,3.706133e-02,-5.193557e-02,2.390749e-01,1.966440e-03,0.000000e+00,
766,-3.085407e-03,1.733481e-02,-2.666520e-02,1.811716e-02,-1.915722e-02,4.302235e-02,0.000000e+00,-5.038554e-02,3.745170e-02,-5.260929e-02,2.380027e-01,2.762797e-03,0.000000e+00,
767,-3.290216e-03,1.837297e-02,-2.809173e-02,1.916529e-02,-1.924190e-02,4.306340e-02,0.000000e+00,-5.054564e-02,3.777891e-02,-5.320389e-02,2.367881e-01,3.580548e-03,0.000000e+00,
768,-3.492123e-03,1.938857e-02,-2.948287e-02,2.018948e-02,-1.930182e-02,4.304480e-02,0.000000e+00,-5.063384e-02,3.804534e-02,-5.372075e-02,2.354333e-01,4.419404e-03,0.000000e+00,
769,-3.691100e-03,2.038354e-02,-3.084230e-02,2.119252e-02,-1.933943e-02,4.297139e-02,0.000000e+00,-5.065468e-02,3.825267e-02,-5.416104e-02,2.339402e-01,5.279075e-03,0.000000e+00,
770,-3.887131e-03,2.135733e-02,-3.216936e-02,2.217408e-02,-1.935653e-02,4.284704e-02,0.000000e+00,-5.061195e-02,3.840247e-02,-5.452589e-02,2.323107e-01,6.159290e-03,0.000000e+00,
771,-4.080430e-03,2.231109e-02,-3.346561e-02,2.313523e-02,-1.935498e-02,4.267571e-02,0.000000e+00,-5.050949e-02,3.849642e-02,-5.481660e-02,2.305472e-01,7.059720e-03,0.000000e+00,
772,-4.270708e-03,2.324696e-02,-3.473571e-02,2.407969e-02,-1.933820e-02,4.246403e-02,0.000000e+00,-5.035357e-02,3.853678e-02,-5.503474e-02,2.286520e-01,7.979978e-03,0.000000e+00,
773,-4.458059e-03,2.416692e-02,-3.598309e-02,2.501016e-02,-1.930801e-02,4.221518e-02,0.000000e+00,-5.014719e-02,3.852501e-02,-5.518179e-02,2.266279e-01,8.919658e-03,0.000000e+00,
774,-4.641817e-03,2.506897e-02,-3.720577e-02,2.592548e-02,-1.926567e-02,4.193188e-02,0.000000e+00,-4.989312e-02,3.846272e-02,-5.525938e-02,2.244778e-01,9.878308e-03,0.000000e+00,
775,-4.822194e-03,2.595553e-02,-3.840764e-02,2.682853e-02,-1.921216e-02,4.161584e-02,0.000000e+00,-4.959316e-02,3.835116e-02,-5.526914e-02,2.222048e-01,1.085545e-02,0.000000e+00,
776,-4.998054e-03,2.682172e-02,-3.958276e-02,2.771529e-02,-1.914815e-02,4.126929e-02,0.000000e+00,-4.924981e-02,3.819191e-02,-5.521257e-02,2.198120e-01,1.185063e-02,0.000000e+00,
777,-5.168322e-03,2.766294e-02,-4.072553e-02,2.858215e-02,-1.907380e-02,4.089301e-02,0.000000e+00,-4.886403e-02,3.798604e-02,-5.509106e-02,2.173024e-01,1.286342e-02,0.000000e+00,
778,-5.332617e-03,2.847593e-02,-4.183077e-02,2.942509e-02,-1.898773e-02,4.048508e-02,0.000000e+00,-4.843441e-02,3.773392e-02,-5.490582e-02,2.146789e-01,1.389337e-02,0.000000e+00,
779,-5.490656e-03,2.925787e-02,-4.289383e-02,3.024047e-02,-1.888847e-02,4.004337e-02,0.000000e+00,-4.795934e-02,3.743587e-02,-5.465801e-02,2.119440e-01,1.494008e-02,0.000000e+00,
780,-5.641912e-03,3.000459e-02,-4.390816e-02,3.102333e-02,-1.877511e-02,3.956701e-02,0.000000e+00,-4.743837e-02,3.709259e-02,-5.434892e-02,2.091008e-01,1.600312e-02,0.000000e+00,
781,-5.788325e-03,3.072247e-02,-4.488018e-02,3.177715e-02,-1.864733e-02,3.905568e-02,0.000000e+00,-4.687158e-02,3.670483e-02,-5.398006e-02,2.061519e-01,1.708199e-02,0.000000e+00,
782,-5.930312e-03,3.141218e-02,-4.580934e-02,3.250059e-02,-1.850423e-02,3.850864e-02,0.000000e+00,-4.625884e-02,3.627358e-02,-5.355308e-02,2.031004e-01,1.817618e-02,0.000000e+00,
783,-6.067260e-03,3.207125e-02,-4.669205e-02,3.319058e-02,-1.834617e-02,3.792803e-02,0.000000e+00,-4.560277e-02,3.580073e-02,-5.306993e-02,1.999502e-01,1.928510e-02,0.000000e+00,
784,-6.199170e-03,3.269804e-02,-4.752494e-02,3.384386e-02,-1.817267e-02,3.731463e-02,0.000000e+00,-4.490490e-02,3.528801e-02,-5.253267e-02,1.967054e-01,2.040810e-02,0.000000e+00,
785,-6.325953e-03,3.329265e-02,-4.830764e-02,3.445927e-02,-1.798358e-02,3.666964e-02,0.000000e+00,-4.416714e-02,3.473723e-02,-5.194350e-02,1.933702e-01,2.154451e-02,0.000000e+00,
786,-6.446960e-03,3.385030e-02,-4.903265e-02,3.503082e-02,-1.777787e-02,3.599300e-02,0.000000e+00,-4.339025e-02,3.415008e-02,-5.130469e-02,1.899495e-01,2.269358e-02,0.000000e+00,
787,-6.561374e-03,3.436716e-02,-4.969449e-02,3.555382e-02,-1.755496e-02,3.528568e-02,0.000000e+00,-4.257612e-02,3.352867e-02,-5.061872e-02,1.864482e-01,2.385455e-02,0.000000e+00,
788,-6.668754e-03,3.484143e-02,-5.029058e-02,3.602582e-02,-1.731482e-02,3.454927e-02,0.000000e+00,-4.172712e-02,3.287526e-02,-4.988825e-02,1.828714e-01,2.502658e-02,0.000000e+00,
789,-6.767802e-03,3.526699e-02,-5.081265e-02,3.644051e-02,-1.705777e-02,3.378650e-02,0.000000e+00,-4.084666e-02,3.219250e-02,-4.911600e-02,1.792249e-01,2.620884e-02,0.000000e+00,
790,-6.856688e-03,3.563499e-02,-5.124877e-02,3.678917e-02,-1.678392e-02,3.299995e-02,0.000000e+00,-3.993809e-02,3.148313e-02,-4.830474e-02,1.755143e-01,2.740046e-02,0.000000e+00,
791,-6.932550e-03,3.593527e-02,-5.158705e-02,3.706340e-02,-1.649390e-02,3.219318e-02,0.000000e+00,-3.900570e-02,3.075019e-02,-4.745727e-02,1.717456e-01,2.860057e-02,0.000000e+00,
792,-6.994525e-03,3.616175e-02,-5.181867e-02,3.725669e-02,-1.618815e-02,3.136895e-02,0.000000e+00,-3.805286e-02,2.999623e-02,-4.657619e-02,1.679241e-01,2.980833e-02,0.000000e+00,
793,-7.041731e-03,3.630829e-02,-5.193466e-02,3.736240e-02,-1.586696e-02,3.052969e-02,0.000000e+00,-3.708260e-02,2.922361e-02,-4.566392e-02,1.640550e-01,3.102291e-02,0.000000e+00,
794,-7.073840e-03,3.637375e-02,-5.193378e-02,3.737947e-02,-1.553064e-02,2.967702e-02,0.000000e+00,-3.609714e-02,2.843431e-02,-4.472281e-02,1.601429e-01,3.224350e-02,0.000000e+00,
795,-7.090251e-03,3.635355e-02,-5.180929e-02,3.730284e-02,-1.517868e-02,2.881157e-02,0.000000e+00,-3.509791e-02,2.763018e-02,-4.375507e-02,1.561925e-01,3.346931e-02,0.000000e+00,
796,-7.090973e-03,3.624627e-02,-5.155873e-02,3.713050e-02,-1.481155e-02,2.793523e-02,0.000000e+00,-3.408722e-02,2.681307e-02,-4.276290e-02,1.522084e-01,3.469955e-02,0.000000e+00,
797,-7.074883e-03,3.604687e-02,-5.117570e-02,3.685795e-02,-1.442943e-02,2.704952e-02,0.000000e+00,-3.306706e-02,2.598483e-02,-4.174849e-02,1.481953e-01,3.593340e-02,0.000000e+00,
798,-7.040899e-03,3.575050e-02,-5.065401e-02,3.648082e-02,-1.403261e-02,2.615622e-02,0.000000e+00,-3.203968e-02,2.514741e-02,-4.071408e-02,1.441581e-01,3.717001e-02,0.000000e+00,
799,-6.987921e-03,3.535220e-02,-4.998737e-02,3.599471e-02,-1.362181e-02,2.525805e-02,0.000000e+00,-3.100830e-02,2.430319e-02,-3.966216e-02,1.401020e-01,3.840850e-02,0.000000e+00,
800,-6.915981e-03,3.485297e-02,-4.917780e-02,3.540117e-02,-1.319904e-02,2.435935e-02,0.000000e+00,-2.997749e-02,2.345482e-02,-3.859551e-02,1.360324e-01,3.964787e-02,0.000000e+00,
801,-6.824811e-03,3.425247e-02,-4.822579e-02,3.470103e-02,-1.276633e-02,2.346433e-02,0.000000e+00,-2.895164e-02,2.260493e-02,-3.751691e-02,1.319546e-01,4.088712e-02,0.000000e+00,
802,-6.715291e-03,3.355639e-02,-4.714031e-02,3.390122e-02,-1.232689e-02,2.257853e-02,0.000000e+00,-2.793619e-02,2.175631e-02,-3.642933e-02,1.278743e-01,4.212519e-02,0.000000e+00,
803,-6.589199e-03,3.277541e-02,-4.593759e-02,3.301429e-02,-1.188529e-02,2.170901e-02,0.000000e+00,-2.693783e-02,2.091192e-02,-3.533579e-02,1.237965e-01,4.336102e-02,0.000000e+00,
804,-6.448619e-03,3.192190e-02,-4.463640e-02,3.205486e-02,-1.144602e-02,2.086170e-02,0.000000e+00,-2.596194e-02,2.007417e-02,-3.423917e-02,1.197259e-01,4.459355e-02,0.000000e+00,
805,-6.296056e-03,3.101028e-02,-4.325825e-02,3.103950e-02,-1.101276e-02,2.004065e-02,0.000000e+00,-2.501212e-02,1.924476e-02,-3.314190e-02,1.156666e-01,4.582181e-02,0.000000e+00,
806,-6.134078e-03,3.005519e-02,-4.182481e-02,2.998483e-02,-1.058797e-02,1.924721e-02,0.000000e+00,-2.408948e-02,1.842461e-02,-3.204600e-02,1.116218e-01,4.704489e-02,0.000000e+00,
807,-5.965039e-03,2.906997e-02,-4.035579e-02,2.890607e-02,-1.017333e-02,1.848110e-02,0.000000e+00,-2.319353e-02,1.761402e-02,-3.095306e-02,1.075943e-01,4.826200e-02,0.000000e+00,
808,-5.789879e-03,2.806208e-02,-3.886274e-02,2.781212e-02,-9.766714e-03,1.773559e-02,0.000000e+00,-2.231805e-02,1.681170e-02,-2.986404e-02,1.035861e-01,4.947241e-02,0.000000e+00,
809,-5.609344e-03,2.703785e-02,-3.735553e-02,2.671053e-02,-9.366454e-03,1.700528e-02,0.000000e+00,-2.145804e-02,1.601660e-02,-2.877966e-02,9.959897e-02,5.067546e-02,0.000000e+00,
810,-5.423630e-03,2.600049e-02,-3.583944e-02,2.560545e-02,-8.969642e-03,1.628265e-02,0.000000e+00,-2.060643e-02,1.522699e-02,-2.770026e-02,9.563451e-02,5.187057e-02,0.000000e+00,
811,-5.233294e-03,2.495318e-02,-3.431894e-02,2.450023e-02,-8.575173e-03,1.556446e-02,0.000000e+00,-1.976024e-02,1.444229e-02,-2.662635e-02,9.169413e-02,5.305717e-02,0.000000e+00,
812,-5.038079e-03,2.389662e-02,-3.279562e-02,2.339602e-02,-8.181609e-03,1.484755e-02,0.000000e+00,-1.891667e-02,1.366198e-02,-2.555835e-02,8.777932e-02,5.423472e-02,0.000000e+00,
813,-4.838391e-03,2.283302e-02,-3.127260e-02,2.229508e-02,-7.789615e-03,1.413287e-02,0.000000e+00,-1.807662e-02,1.288656e-02,-2.449683e-02,8.389160e-02,5.540267e-02,0.000000e+00,
814,-4.633854e-03,2.176059e-02,-2.974749e-02,2.119581e-02,-7.399131e-03,1.342056e-02,0.000000e+00,-1.724035e-02,1.211637e-02,-2.344226e-02,8.003254e-02,5.656052e-02,0.000000e+00,
815,-4.424646e-03,2.067864e-02,-2.821877e-02,2.009709e-02,-7.010274e-03,1.271109e-02,0.000000e+00,-1.640845e-02,1.135190e-02,-2.239514e-02,7.620368e-02,5.770774e-02,0.000000e+00,
816,-4.210401e-03,1.958564e-02,-2.668444e-02,1.899757e-02,-6.622940e-03,1.200445e-02,0.000000e+00,-1.558102e-02,1.059347e-02,-2.135589e-02,7.240662e-02,5.884378e-02,0.000000e+00,
817,-3.991320e-03,1.848128e-02,-2.514363e-02,1.789670e-02,-6.237696e-03,1.130176e-02,0.000000e+00,-1.475914e-02,9.841627e-03,-2.032503e-02,6.864291e-02,5.996806e-02,0.000000e+00,
818,-3.767578e-03,1.736528e-02,-2.359543e-02,1.679376e-02,-5.854395e-03,1.060287e-02,0.000000e+00,-1.394282e-02,9.096667e-03,-1.930298e-02,6.491410e-02,6.108001e-02,0.000000e+00,
819,-3.540216e-03,1.624082e-02,-2.204316e-02,1.569092e-02,-5.473680e-03,9.908839e-03,0.000000e+00,-1.313303e-02,8.359034e-03,-1.829024e-02,6.122164e-02,6.217900e-02,0.000000e+00,
820,-3.309839e-03,1.511003e-02,-2.048908e-02,1.458951e-02,-5.096837e-03,9.222364e-03,0.000000e+00,-1.233232e-02,7.629637e-03,-1.728739e-02,5.756709e-02,6.326443e-02,0.000000e+00,
821,-3.077157e-03,1.397564e-02,-1.893635e-02,1.349159e-02,-4.724641e-03,8.544770e-03,0.000000e+00,-1.154188e-02,6.908933e-03,-1.629488e-02,5.395177e-02,6.433571e-02,0.000000e+00,
822,-2.842805e-03,1.284006e-02,-1.738765e-02,1.239879e-02,-4.357201e-03,7.876245e-03,0.000000e+00,-1.076194e-02,6.197166e-03,-1.531311e-02,5.037697e-02,6.539229e-02,0.000000e+00,
823,-2.607511e-03,1.170539e-02,-1.584506e-02,1.131240e-02,-3.995571e-03,7.218890e-03,0.000000e+00,-9.994459e-03,5.495018e-03,-1.434254e-02,4.684397e-02,6.643364e-02,0.000000e+00,
824,-2.371682e-03,1.057310e-02,-1.431008e-02,1.023324e-02,-3.639718e-03,6.572665e-03,0.000000e+00,-9.239442e-03,4.802659e-03,-1.338351e-02,4.335392e-02,6.745926e-02,0.000000e+00,
825,-2.135782e-03,9.445101e-03,-1.278499e-02,9.162764e-03,-3.289545e-03,5.937246e-03,0.000000e+00,-8.496656e-03,4.120178e-03,-1.243632e-02,3.990797e-02,6.846862e-02,0.000000e+00,
826,-1.900479e-03,8.323340e-03,-1.127152e-02,8.101854e-03,-2.944442e-03,5.311466e-03,0.000000e+00,-7.765150e-03,3.447502e-03,-1.150129e-02,3.650727e-02,6.946120e-02,0.000000e+00,
827,-1.666953e-03,7.211432e-03,-9.773298e-03,7.052655e-03,-2.603984e-03,4.694330e-03,0.000000e+00,-7.044084e-03,2.784549e-03,-1.057873e-02,3.315292e-02,7.043646e-02,0.000000e+00,
828,-1.436731e-03,6.114466e-03,-8.295740e-03,6.018535e-03,-2.267904e-03,4.084963e-03,0.000000e+00,-6.332677e-03,2.131190e-03,-9.668962e-03,2.984595e-02,7.139386e-02,0.000000e+00,
829,-1.211207e-03,5.036626e-03,-6.842956e-03,5.001940e-03,-1.935777e-03,3.482273e-03,0.000000e+00,-5.629966e-03,1.487268e-03,-8.772288e-03,2.658737e-02,7.233290e-02,0.000000e+00,
830,-9.916217e-04,3.981635e-03,-5.418615e-03,4.005104e-03,-1.607296e-03,2.885362e-03,0.000000e+00,-4.935167e-03,8.527215e-04,-7.889038e-03,2.337823e-02,7.325307e-02,0.000000e+00,
831,-7.788039e-04,2.952091e-03,-4.025412e-03,3.029732e-03,-1.282801e-03,2.294761e-03,0.000000e+00,-4.248839e-03,2.278834e-04,-7.019597e-03,2.021967e-02,7.415386e-02,0.000000e+00,
832,-5.730661e-04,1.948794e-03,-2.663979e-03,2.076135e-03,-9.624315e-04,1.710823e-03,0.000000e+00,-3.571426e-03,-3.868885e-04,-6.164346e-03,1.711298e-02,7.503473e-02,0.000000e+00,
833,-3.748158e-04,9.729936e-04,-1.335475e-03,1.144947e-03,-6.463876e-04,1.134016e-03,0.000000e+00,-2.903484e-03,-9.911955e-04,-5.323700e-03,1.405949e-02,7.589511e-02,0.000000e+00,
834,-1.842411e-04,2.593785e-05,-4.155737e-05,2.372351e-04,-3.349786e-04,5.649539e-04,0.000000e+00,-2.245695e-03,-1.584607e-03,-4.498086e-03,1.106059e-02,7.673440e-02,0.000000e+00,
835,-6.960700e-07,-8.932526e-04,1.218108e-03,-6.471982e-04,-2.776670e-05,2.895210e-06,0.000000e+00,-1.597543e-03,-2.166993e-03,-3.687852e-03,8.117709e-03,7.755199e-02,0.000000e+00,
836,1.760243e-04,-1.783120e-03,2.440793e-03,-1.506453e-03,2.753716e-04,-5.525970e-04,0.000000e+00,-9.587375e-04,-2.738212e-03,-2.893395e-03,5.232258e-03,7.834724e-02,0.000000e+00,
837,3.460652e-04,-2.641957e-03,3.623406e-03,-2.338277e-03,5.739810e-04,-1.100982e-03,0.000000e+00,-3.297869e-04,-3.297954e-03,-2.115159e-03,2.405762e-03,7.911948e-02,0.000000e+00,
838,5.103158e-04,-3.470921e-03,4.766352e-03,-3.142912e-03,8.685740e-04,-1.643151e-03,0.000000e+00,2.899631e-04,-3.846115e-03,-1.353519e-03,-3.601493e-04,7.986801e-02,0.000000e+00,
839,6.691711e-04,-4.269565e-03,5.868104e-03,-3.919180e-03,1.159396e-03,-2.179744e-03,0.000000e+00,9.009760e-04,-4.382564e-03,-6.088988e-04,-3.063809e-03,8.059209e-02,0.000000e+00,
840,8.221633e-04,-5.034958e-03,6.924533e-03,-4.664156e-03,1.444947e-03,-2.708086e-03,0.000000e+00,1.500834e-03,-4.906486e-03,1.180987e-04,-5.703388e-03,8.129094e-02,0.000000e+00,
841,9.693689e-04,-5.767290e-03,7.935853e-03,-5.378053e-03,1.724259e-03,-3.225976e-03,0.000000e+00,2.087448e-03,-5.417048e-03,8.268942e-04,-8.276835e-03,8.196374e-02,0.000000e+00,
842,1.111080e-03,-6.466312e-03,8.901081e-03,-6.060162e-03,1.996621e-03,-3.731859e-03,0.000000e+00,2.659284e-03,-5.913550e-03,1.516919e-03,-1.078217e-02,8.260965e-02,0.000000e+00,
843,1.246881e-03,-7.129738e-03,9.816895e-03,-6.707998e-03,2.260382e-03,-4.222747e-03,0.000000e+00,3.213629e-03,-6.395046e-03,2.187502e-03,-1.321739e-02,8.322784e-02,0.000000e+00,
844,1.377096e-03,-7.757364e-03,1.068225e-02,-7.320686e-03,2.514154e-03,-4.695883e-03,0.000000e+00,3.747942e-03,-6.860600e-03,2.838023e-03,-1.558050e-02,8.381750e-02,0.000000e+00,
845,1.500792e-03,-8.345988e-03,1.149365e-02,-7.896044e-03,2.757485e-03,-5.150484e-03,0.000000e+00,4.261432e-03,-7.309757e-03,3.467902e-03,-1.786973e-02,8.437791e-02,0.000000e+00,
846,1.616853e-03,-8.891370e-03,1.224607e-02,-8.430680e-03,2.989670e-03,-5.585545e-03,0.000000e+00,4.753165e-03,-7.742089e-03,4.076595e-03,-2.008357e-02,8.490838e-02,0.000000e+00,
847,1.724525e-03,-9.390844e-03,1.293659e-02,-8.922789e-03,3.210339e-03,-6.000419e-03,0.000000e+00,5.222498e-03,-8.157250e-03,4.663664e-03,-2.222075e-02,8.540840e-02,0.000000e+00,
848,1.822977e-03,-9.841687e-03,1.356234e-02,-9.370619e-03,3.419197e-03,-6.394612e-03,0.000000e+00,5.668949e-03,-8.555003e-03,5.228799e-03,-2.428041e-02,8.587756e-02,0.000000e+00,
849,1.911448e-03,-1.024139e-02,1.412070e-02,-9.772580e-03,3.615992e-03,-6.767705e-03,0.000000e+00,6.092124e-03,-8.935187e-03,5.771782e-03,-2.626200e-02,8.631563e-02,0.000000e+00,
850,1.990494e-03,-1.059088e-02,1.461220e-02,-1.012895e-02,3.800634e-03,-7.119503e-03,0.000000e+00,6.491832e-03,-9.297680e-03,6.292503e-03,-2.816515e-02,8.672246e-02,0.000000e+00,
851,2.060704e-03,-1.089121e-02,1.503753e-02,-1.044010e-02,3.973061e-03,-7.449855e-03,0.000000e+00,6.867930e-03,-9.642399e-03,6.790899e-03,-2.998964e-02,8.709800e-02,0.000000e+00,
852,2.121501e-03,-1.114146e-02,1.539617e-02,-1.070576e-02,4.133204e-03,-7.758620e-03,0.000000e+00,7.220286e-03,-9.969293e-03,7.266906e-03,-3.173538e-02,8.744221e-02,0.000000e+00,
853,2.173516e-03,-1.134283e-02,1.568897e-02,-1.092642e-02,4.280977e-03,-8.045572e-03,0.000000e+00,7.548678e-03,-1.027823e-02,7.720420e-03,-3.340212e-02,8.775505e-02,0.000000e+00,
854,2.217351e-03,-1.149826e-02,1.591975e-02,-1.110464e-02,4.416615e-03,-8.310907e-03,0.000000e+00,7.853219e-03,-1.056912e-02,8.151370e-03,-3.498950e-02,8.803647e-02,0.000000e+00,
855,2.253039e-03,-1.160789e-02,1.608867e-02,-1.124049e-02,4.540070e-03,-8.554508e-03,0.000000e+00,8.133795e-03,-1.084190e-02,8.559704e-03,-3.649745e-02,8.828646e-02,0.000000e+00,
856,2.280632e-03,-1.167194e-02,1.619598e-02,-1.133417e-02,4.651319e-03,-8.776298e-03,0.000000e+00,8.390338e-03,-1.109655e-02,8.945412e-03,-3.792601e-02,8.850507e-02,0.000000e+00,
857,2.300826e-03,-1.169188e-02,1.624289e-02,-1.138640e-02,4.750337e-03,-8.976158e-03,0.000000e+00,8.622740e-03,-1.133302e-02,9.308494e-03,-3.927530e-02,8.869241e-02,0.000000e+00,
858,2.313707e-03,-1.166818e-02,1.623001e-02,-1.139759e-02,4.837218e-03,-9.154254e-03,0.000000e+00,8.831193e-03,-1.155148e-02,9.649158e-03,-4.054605e-02,8.884876e-02,0.000000e+00,
859,2.318847e-03,-1.159878e-02,1.615469e-02,-1.136600e-02,4.911782e-03,-9.310425e-03,0.000000e+00,9.015665e-03,-1.175215e-02,9.967679e-03,-4.173948e-02,8.897460e-02,0.000000e+00,
860,2.316423e-03,-1.148469e-02,1.601827e-02,-1.129254e-02,4.974190e-03,-9.444919e-03,0.000000e+00,9.176455e-03,-1.193529e-02,1.026442e-02,-4.285694e-02,8.907050e-02,0.000000e+00,
861,2.306640e-03,-1.132705e-02,1.582228e-02,-1.117826e-02,5.024634e-03,-9.558047e-03,0.000000e+00,9.313935e-03,-1.210124e-02,1.053981e-02,-4.390001e-02,8.913716e-02,0.000000e+00,
862,2.289698e-03,-1.112703e-02,1.556828e-02,-1.102421e-02,5.063375e-03,-9.650265e-03,0.000000e+00,9.428628e-03,-1.225042e-02,1.079437e-02,-4.487054e-02,8.917533e-02,0.000000e+00,
863,2.266747e-03,-1.088876e-02,1.526083e-02,-1.083323e-02,5.090830e-03,-9.722247e-03,0.000000e+00,9.521237e-03,-1.238325e-02,1.102870e-02,-4.577033e-02,8.918580e-02,0.000000e+00,
864,2.238001e-03,-1.061341e-02,1.490153e-02,-1.060641e-02,5.107221e-03,-9.774349e-03,0.000000e+00,9.592175e-03,-1.250008e-02,1.124323e-02,-4.660103e-02,8.916928e-02,0.000000e+00,
865,2.203054e-03,-1.030100e-02,1.449107e-02,-1.034432e-02,5.112830e-03,-9.807111e-03,0.000000e+00,9.642040e-03,-1.260136e-02,1.143851e-02,-4.736449e-02,8.912651e-02,0.000000e+00,
866,2.162088e-03,-9.952541e-03,1.403086e-02,-1.004791e-02,5.107913e-03,-9.820989e-03,0.000000e+00,9.671337e-03,-1.268748e-02,1.161502e-02,-4.806241e-02,8.905817e-02,0.000000e+00,
867,2.115289e-03,-9.569111e-03,1.352234e-02,-9.718166e-03,5.092739e-03,-9.816458e-03,0.000000e+00,9.680596e-03,-1.275886e-02,1.177328e-02,-4.869656e-02,8.896500e-02,0.000000e+00,
868,2.061388e-03,-9.148042e-03,1.296361e-02,-9.354137e-03,5.067397e-03,-9.793728e-03,0.000000e+00,9.670117e-03,-1.281588e-02,1.191372e-02,-4.926885e-02,8.884777e-02,0.000000e+00,
869,2.000084e-03,-8.689718e-03,1.235586e-02,-8.956710e-03,5.032206e-03,-9.753370e-03,0.000000e+00,9.640535e-03,-1.285904e-02,1.203695e-02,-4.978145e-02,8.870737e-02,0.000000e+00,
870,1.931692e-03,-8.195681e-03,1.170108e-02,-8.527246e-03,4.987520e-03,-9.696013e-03,0.000000e+00,9.592549e-03,-1.288888e-02,1.214365e-02,-5.023671e-02,8.854477e-02,0.000000e+00,
871,1.856800e-03,-7.669159e-03,1.100338e-02,-8.068384e-03,4.933848e-03,-9.622510e-03,0.000000e+00,9.527057e-03,-1.290599e-02,1.223456e-02,-5.063709e-02,8.836102e-02,0.000000e+00,
872,1.776004e-03,-7.113414e-03,1.026689e-02,-7.582802e-03,4.871721e-03,-9.533750e-03,0.000000e+00,9.444996e-03,-1.291099e-02,1.231048e-02,-5.098519e-02,8.815722e-02,0.000000e+00,
873,1.690673e-03,-6.533944e-03,9.498380e-03,-7.075110e-03,4.803113e-03,-9.433218e-03,0.000000e+00,9.349532e-03,-1.290495e-02,1.237227e-02,-5.128347e-02,8.793442e-02,0.000000e+00,
874,1.601894e-03,-5.934659e-03,8.702202e-03,-6.548063e-03,4.728531e-03,-9.321760e-03,0.000000e+00,9.241545e-03,-1.288844e-02,1.242064e-02,-5.153424e-02,8.769361e-02,0.000000e+00,
875,1.510728e-03,-5.319453e-03,7.882834e-03,-6.004567e-03,4.649488e-03,-9.202264e-03,0.000000e+00,9.123704e-03,-1.286244e-02,1.245637e-02,-5.173983e-02,8.743577e-02,0.000000e+00,
876,1.417620e-03,-4.690575e-03,7.043427e-03,-5.446937e-03,4.566796e-03,-9.076061e-03,0.000000e+00,8.997338e-03,-1.282764e-02,1.248018e-02,-5.190248e-02,8.716182e-02,0.000000e+00,
877,1.322689e-03,-4.049562e-03,6.186531e-03,-4.877068e-03,4.481581e-03,-8.945295e-03,0.000000e+00,8.864519e-03,-1.278497e-02,1.249281e-02,-5.202449e-02,8.687269e-02,0.000000e+00,
878,1.225533e-03,-3.394981e-03,5.310426e-03,-4.293733e-03,4.393261e-03,-8.809115e-03,0.000000e+00,8.724735e-03,-1.273474e-02,1.249487e-02,-5.210819e-02,8.656929e-02,0.000000e+00,
879,1.126193e-03,-2.727783e-03,4.416686e-03,-3.698085e-03,4.302703e-03,-8.669224e-03,0.000000e+00,8.579654e-03,-1.267776e-02,1.248705e-02,-5.215588e-02,8.625253e-02,0.000000e+00,
880,1.024753e-03,-2.049219e-03,3.507338e-03,-3.091630e-03,4.209828e-03,-8.525235e-03,0.000000e+00,8.429068e-03,-1.261429e-02,1.246993e-02,-5.216969e-02,8.592332e-02,0.000000e+00,
881,9.209990e-04,-1.359266e-03,2.582750e-03,-2.474663e-03,4.115101e-03,-8.378140e-03,0.000000e+00,8.273977e-03,-1.254494e-02,1.244414e-02,-5.215191e-02,8.558258e-02,0.000000e+00,
882,8.149864e-04,-6.584515e-04,1.643722e-03,-1.847788e-03,4.018638e-03,-8.228072e-03,0.000000e+00,8.114599e-03,-1.247008e-02,1.241030e-02,-5.210489e-02,8.523129e-02,0.000000e+00,
883,7.072934e-04,5.020887e-05,6.941748e-04,-1.213630e-03,3.920873e-03,-8.075651e-03,0.000000e+00,7.951600e-03,-1.239023e-02,1.236910e-02,-5.203106e-02,8.487050e-02,0.000000e+00,
884,5.984445e-04,7.643365e-04,-2.628020e-04,-5.743301e-04,3.822266e-03,-7.921605e-03,0.000000e+00,7.785789e-03,-1.230598e-02,1.232133e-02,-5.193304e-02,8.450130e-02,0.000000e+00,
885,4.884903e-04,1.483395e-03,-1.226445e-03,6.965405e-05,3.723002e-03,-7.766462e-03,0.000000e+00,7.617870e-03,-1.221800e-02,1.226778e-02,-5.181365e-02,8.412484e-02,0.000000e+00,
886,3.775652e-04,2.206414e-03,-2.195448e-03,7.175076e-04,3.623354e-03,-7.610898e-03,0.000000e+00,7.448694e-03,-1.212701e-02,1.220929e-02,-5.167584e-02,8.374232e-02,0.000000e+00,
887,2.661602e-04,2.930695e-03,-3.166236e-03,1.366830e-03,3.524257e-03,-7.456674e-03,0.000000e+00,7.280038e-03,-1.203395e-02,1.214677e-02,-5.152255e-02,8.335496e-02,0.000000e+00,
888,1.549064e-04,3.653667e-03,-4.135764e-03,2.015691e-03,3.425260e-03,-7.302803e-03,0.000000e+00,7.111226e-03,-1.193908e-02,1.208101e-02,-5.135670e-02,8.296401e-02,0.000000e+00,
889,4.358883e-05,4.374719e-03,-5.102639e-03,2.663112e-03,3.325834e-03,-7.148187e-03,0.000000e+00,6.941490e-03,-1.184269e-02,1.201279e-02,-5.118121e-02,8.257068e-02,0.000000e+00,
890,-6.672493e-05,5.089439e-03,-6.061509e-03,3.305575e-03,3.226651e-03,-6.993949e-03,0.000000e+00,6.772025e-03,-1.174550e-02,1.194298e-02,-5.099878e-02,8.217612e-02,0.000000e+00,
891,-1.757787e-04,5.795738e-03,-7.009304e-03,3.940893e-03,3.127885e-03,-6.840121e-03,0.000000e+00,6.602988e-03,-1.164794e-02,1.187226e-02,-5.081173e-02,8.178132e-02,0.000000e+00,
892,-2.831221e-04,6.491580e-03,-7.943501e-03,4.567396e-03,3.029848e-03,-6.687207e-03,0.000000e+00,6.434940e-03,-1.155041e-02,1.180118e-02,-5.062189e-02,8.138704e-02,0.000000e+00,
893,-3.892261e-04,7.177565e-03,-8.864083e-03,5.184884e-03,2.933609e-03,-6.537408e-03,0.000000e+00,6.269978e-03,-1.145374e-02,1.173020e-02,-5.043070e-02,8.099385e-02,0.000000e+00,
894,-4.939083e-04,7.852891e-03,-9.769986e-03,5.792605e-03,2.840191e-03,-6.392797e-03,0.000000e+00,6.110017e-03,-1.135855e-02,1.165965e-02,-5.023905e-02,8.060207e-02,0.000000e+00,
895,-5.978933e-04,8.519424e-03,-1.066295e-02,6.391616e-03,2.748791e-03,-6.251787e-03,0.000000e+00,5.953688e-03,-1.126460e-02,1.158958e-02,-5.004746e-02,8.021191e-02,0.000000e+00,
896,-7.012173e-04,9.177206e-03,-1.154298e-02,6.981957e-03,2.659607e-03,-6.114889e-03,0.000000e+00,5.801448e-03,-1.117202e-02,1.152006e-02,-4.985623e-02,7.982350e-02,0.000000e+00,
897,-8.037054e-04,9.826035e-03,-1.241003e-02,7.563618e-03,2.572553e-03,-5.981908e-03,0.000000e+00,5.653096e-03,-1.108076e-02,1.145115e-02,-4.966558e-02,7.943690e-02,0.000000e+00,
898,-9.051269e-04,1.046541e-02,-1.326363e-02,8.136210e-03,2.488013e-03,-5.853438e-03,0.000000e+00,5.509078e-03,-1.099087e-02,1.138286e-02,-4.947563e-02,7.905216e-02,0.000000e+00,
899,-1.005193e-03,1.109471e-02,-1.410326e-02,8.699371e-03,2.405544e-03,-5.728377e-03,0.000000e+00,5.368346e-03,-1.090206e-02,1.131516e-02,-4.928635e-02,7.866929e-02,0.000000e+00,
900,-1.103539e-03,1.171294e-02,-1.492783e-02,9.252260e-03,2.326451e-03,-5.609202e-03,0.000000e+00,5.233058e-03,-1.081485e-02,1.124816e-02,-4.909784e-02,7.828831e-02,0.000000e+00,
901,-1.199721e-03,1.231909e-02,-1.573643e-02,9.794327e-03,2.250915e-03,-5.496273e-03,0.000000e+00,5.103577e-03,-1.072936e-02,1.118190e-02,-4.891009e-02,7.790923e-02,0.000000e+00,
902,-1.294359e-03,1.291480e-02,-1.653066e-02,1.032659e-02,2.178402e-03,-5.388665e-03,0.000000e+00,4.979125e-03,-1.064542e-02,1.111633e-02,-4.872314e-02,7.753204e-02,0.000000e+00,
903,-1.387646e-03,1.350055e-02,-1.731108e-02,1.084954e-02,2.107781e-03,-5.284247e-03,0.000000e+00,4.857889e-03,-1.056263e-02,1.105138e-02,-4.853694e-02,7.715674e-02,0.000000e+00,
904,-1.479390e-03,1.407557e-02,-1.807693e-02,1.136287e-02,2.038849e-03,-5.182756e-03,0.000000e+00,4.739710e-03,-1.048099e-02,1.098708e-02,-4.835154e-02,7.678335e-02,0.000000e+00,
905,-1.569523e-03,1.463938e-02,-1.882765e-02,1.186625e-02,1.971520e-03,-5.084005e-03,0.000000e+00,4.624397e-03,-1.040040e-02,1.092340e-02,-4.816688e-02,7.641186e-02,0.000000e+00,
906,-1.658229e-03,1.519259e-02,-1.956391e-02,1.236014e-02,1.905735e-03,-4.987940e-03,0.000000e+00,4.511906e-03,-1.032086e-02,1.086034e-02,-4.798303e-02,7.604227e-02,0.000000e+00,
907,-1.745386e-03,1.573515e-02,-2.028583e-02,1.284460e-02,1.841100e-03,-4.893641e-03,0.000000e+00,4.401393e-03,-1.024215e-02,1.079784e-02,-4.779990e-02,7.567455e-02,0.000000e+00,
908,-1.830835e-03,1.626662e-02,-2.099282e-02,1.331908e-02,1.778798e-03,-4.803350e-03,0.000000e+00,4.294772e-03,-1.016470e-02,1.073599e-02,-4.761757e-02,7.530873e-02,0.000000e+00,
909,-1.914778e-03,1.678759e-02,-2.168526e-02,1.378361e-02,1.719958e-03,-4.719197e-03,0.000000e+00,4.193857e-03,-1.008893e-02,1.067482e-02,-4.743608e-02,7.494477e-02,0.000000e+00,
910,-1.997252e-03,1.729846e-02,-2.236372e-02,1.423853e-02,1.663669e-03,-4.639255e-03,0.000000e+00,4.096907e-03,-1.001438e-02,1.061424e-02,-4.725533e-02,7.458266e-02,0.000000e+00,
911,-2.078031e-03,1.779837e-02,-2.302713e-02,1.468303e-02,1.610392e-03,-4.564201e-03,0.000000e+00,4.004424e-03,-9.941101e-03,1.055427e-02,-4.707532e-02,7.422241e-02,0.000000e+00,
912,-2.156880e-03,1.828661e-02,-2.367474e-02,1.511670e-02,1.560710e-03,-4.495359e-03,0.000000e+00,3.917671e-03,-9.869486e-03,1.049504e-02,-4.689618e-02,7.386402e-02,0.000000e+00,
913,-2.233900e-03,1.876334e-02,-2.430675e-02,1.553974e-02,1.514193e-03,-4.432001e-03,0.000000e+00,3.836066e-03,-9.799415e-03,1.043650e-02,-4.671784e-02,7.350747e-02,0.000000e+00,
914,-2.309277e-03,1.922915e-02,-2.492385e-02,1.595273e-02,1.470357e-03,-4.373339e-03,0.000000e+00,3.758976e-03,-9.730776e-03,1.037866e-02,-4.654036e-02,7.315277e-02,0.000000e+00,
915,-2.383310e-03,1.968493e-02,-2.552699e-02,1.635628e-02,1.429312e-03,-4.319706e-03,0.000000e+00,3.686725e-03,-9.663688e-03,1.032152e-02,-4.636379e-02,7.279990e-02,0.000000e+00,
916,-2.456278e-03,2.013123e-02,-2.611652e-02,1.675059e-02,1.390703e-03,-4.270434e-03,0.000000e+00,3.618763e-03,-9.598036e-03,1.026507e-02,-4.618810e-02,7.244886e-02,0.000000e+00,
917,-2.528548e-03,2.056879e-02,-2.669293e-02,1.713587e-02,1.353854e-03,-4.224021e-03,0.000000e+00,3.553716e-03,-9.533442e-03,1.020919e-02,-4.601320e-02,7.209963e-02,0.000000e+00,
918,-2.599691e-03,2.099668e-02,-2.725553e-02,1.751179e-02,1.318623e-03,-4.180173e-03,0.000000e+00,3.491279e-03,-9.469773e-03,1.015386e-02,-4.583903e-02,7.175218e-02,0.000000e+00,
919,-2.669251e-03,2.141364e-02,-2.780310e-02,1.787751e-02,1.285450e-03,-4.139610e-03,0.000000e+00,3.432029e-03,-9.407131e-03,1.009912e-02,-4.566561e-02,7.140654e-02,0.000000e+00,
920,-2.737134e-03,2.181954e-02,-2.833560e-02,1.823314e-02,1.253669e-03,-4.101105e-03,0.000000e+00,3.374915e-03,-9.345263e-03,1.004495e-02,-4.549290e-02,7.106267e-02,0.000000e+00,
921,-2.803275e-03,2.221448e-02,-2.885345e-02,1.857901e-02,1.222710e-03,-4.063493e-03,0.000000e+00,3.318885e-03,-9.283903e-03,9.991314e-03,-4.532090e-02,7.072059e-02,0.000000e+00,
922,-2.867482e-03,2.259796e-02,-2.935615e-02,1.891476e-02,1.193727e-03,-4.029065e-03,0.000000e+00,3.265929e-03,-9.223525e-03,9.938299e-03,-4.514968e-02,7.038028e-02,0.000000e+00,
923,-2.929987e-03,2.297023e-02,-2.984350e-02,1.924004e-02,1.167436e-03,-3.999075e-03,0.000000e+00,3.217130e-03,-9.164401e-03,9.885945e-03,-4.497925e-02,7.004173e-02,0.000000e+00,
924,-2.991008e-03,2.333169e-02,-3.031581e-02,1.955500e-02,1.142949e-03,-3.971660e-03,0.000000e+00,3.170848e-03,-9.106114e-03,9.834147e-03,-4.480947e-02,6.970492e-02,0.000000e+00,
925,-3.050575e-03,2.368254e-02,-3.077347e-02,1.985998e-02,1.120506e-03,-3.947357e-03,0.000000e+00,3.127549e-03,-9.048771e-03,9.782885e-03,-4.464029e-02,6.936982e-02,0.000000e+00,
926,-3.108267e-03,2.402236e-02,-3.121673e-02,2.015539e-02,1.099828e-03,-3.925809e-03,0.000000e+00,3.086960e-03,-8.992300e-03,9.732115e-03,-4.447164e-02,6.903641e-02,0.000000e+00,
927,-3.164177e-03,2.435183e-02,-3.164684e-02,2.044232e-02,1.079612e-03,-3.904640e-03,0.000000e+00,3.047037e-03,-8.936231e-03,9.681748e-03,-4.430346e-02,6.870469e-02,0.000000e+00,
928,-3.219155e-03,2.467406e-02,-3.206754e-02,2.072335e-02,1.058375e-03,-3.881198e-03,0.000000e+00,3.005502e-03,-8.880062e-03,9.631647e-03,-4.413577e-02,6.837461e-02,0.000000e+00,
929,-3.272843e-03,2.498901e-02,-3.247959e-02,2.099927e-02,1.035854e-03,-3.855243e-03,0.000000e+00,2.962210e-03,-8.823810e-03,9.581849e-03,-4.396864e-02,6.804618e-02,0.000000e+00,
930,-3.325183e-03,2.529638e-02,-3.288267e-02,2.126989e-02,1.012056e-03,-3.826801e-03,0.000000e+00,2.917202e-03,-8.767511e-03,9.532402e-03,-4.380215e-02,6.771940e-02,0.000000e+00,
931,-3.376836e-03,2.559807e-02,-3.327845e-02,2.153609e-02,9.881740e-04,-3.798376e-03,0.000000e+00,2.872707e-03,-8.711749e-03,9.483371e-03,-4.363642e-02,6.739426e-02,0.000000e+00,
932,-3.427205e-03,2.589284e-02,-3.366598e-02,2.179732e-02,9.641510e-04,-3.769828e-03,0.000000e+00,2.828600e-03,-8.656460e-03,9.434721e-03,-4.347131e-02,6.707074e-02,0.000000e+00,
933,-3.475808e-03,2.617980e-02,-3.404467e-02,2.205328e-02,9.399362e-04,-3.741056e-03,0.000000e+00,2.784811e-03,-8.601623e-03,9.386457e-03,-4.330678e-02,6.674881e-02,0.000000e+00,
934,-3.523396e-03,2.646112e-02,-3.441650e-02,2.230492e-02,9.161685e-04,-3.713181e-03,0.000000e+00,2.742265e-03,-8.547455e-03,9.338535e-03,-4.314283e-02,6.642847e-02,0.000000e+00,
935,-3.569685e-03,2.673544e-02,-3.477940e-02,2.255060e-02,8.938375e-04,-3.687783e-03,0.000000e+00,2.702261e-03,-8.494201e-03,9.290975e-03,-4.297932e-02,6.610967e-02,0.000000e+00,
936,-3.614709e-03,2.700293e-02,-3.513370e-02,2.279062e-02,8.715042e-04,-3.661963e-03,0.000000e+00,2.662267e-03,-8.441247e-03,9.243667e-03,-4.281616e-02,6.579242e-02,0.000000e+00,
937,-3.659295e-03,2.726608e-02,-3.548191e-02,2.302648e-02,8.489371e-04,-3.635367e-03,0.000000e+00,2.622007e-03,-8.388571e-03,9.196564e-03,-4.265336e-02,6.547667e-02,0.000000e+00,
938,-3.702836e-03,2.752163e-02,-3.581954e-02,2.325501e-02,8.274268e-04,-3.610052e-03,0.000000e+00,2.583196e-03,-8.336519e-03,9.149778e-03,-4.249087e-02,6.516246e-02,0.000000e+00,
939,-3.745337e-03,2.776962e-02,-3.614682e-02,2.347652e-02,8.060094e-04,-3.584342e-03,0.000000e+00,2.544458e-03,-8.284789e-03,9.103251e-03,-4.232862e-02,6.484975e-02,0.000000e+00,
940,-3.786675e-03,2.800947e-02,-3.646312e-02,2.369081e-02,7.837606e-04,-3.556596e-03,0.000000e+00,2.504445e-03,-8.233072e-03,9.056938e-03,-4.216652e-02,6.453854e-02,0.000000e+00,
941,-3.826797e-03,2.824079e-02,-3.676779e-02,2.389722e-02,7.617727e-04,-3.528719e-03,0.000000e+00,2.464792e-03,-8.181808e-03,9.010966e-03,-4.200465e-02,6.422881e-02,0.000000e+00,
942,-3.865621e-03,2.846313e-02,-3.706010e-02,2.409507e-02,7.411720e-04,-3.502669e-03,0.000000e+00,2.427180e-03,-8.131444e-03,8.965468e-03,-4.184311e-02,6.392058e-02,0.000000e+00,
943,-3.903678e-03,2.867940e-02,-3.734410e-02,2.428726e-02,7.205990e-04,-3.476277e-03,0.000000e+00,2.389860e-03,-8.081702e-03,8.920397e-03,-4.168197e-02,6.361381e-02,0.000000e+00,
944,-3.940867e-03,2.888915e-02,-3.761910e-02,2.447311e-02,7.011496e-04,-3.451412e-03,0.000000e+00,2.354385e-03,-8.032924e-03,8.875813e-03,-4.152127e-02,6.330850e-02,0.000000e+00,
945,-3.977056e-03,2.909180e-02,-3.788428e-02,2.465189e-02,6.839402e-04,-3.429973e-03,0.000000e+00,2.322328e-03,-7.985454e-03,8.831779e-03,-4.136103e-02,6.300464e-02,0.000000e+00,
946,-4.012160e-03,2.928716e-02,-3.813947e-02,2.482349e-02,6.688954e-04,-3.411779e-03,0.000000e+00,2.293482e-03,-7.939164e-03,8.788219e-03,-4.120119e-02,6.270223e-02,0.000000e+00,
947,-4.046150e-03,2.947539e-02,-3.838514e-02,2.498847e-02,6.549438e-04,-3.394975e-03,0.000000e+00,2.266278e-03,-7.893662e-03,8.745064e-03,-4.104174e-02,6.240126e-02,0.000000e+00,
948,-4.078983e-03,2.965629e-02,-3.862091e-02,2.514637e-02,6.431408e-04,-3.381381e-03,0.000000e+00,2.242207e-03,-7.849265e-03,8.702361e-03,-4.088271e-02,6.210173e-02,0.000000e+00,
949,-4.110651e-03,2.982992e-02,-3.884688e-02,2.529727e-02,6.334253e-04,-3.370898e-03,0.000000e+00,2.221177e-03,-7.805942e-03,8.660101e-03,-4.072409e-02,6.180363e-02,0.000000e+00,
950,-4.141256e-03,2.999693e-02,-3.906409e-02,2.544208e-02,6.247333e-04,-3.361724e-03,0.000000e+00,2.201680e-03,-7.763353e-03,8.618215e-03,-4.056584e-02,6.150693e-02,0.000000e+00,
951,-4.170845e-03,3.015766e-02,-3.927310e-02,2.558137e-02,6.160597e-04,-3.352139e-03,0.000000e+00,2.182280e-03,-7.721169e-03,8.576644e-03,-4.040791e-02,6.121162e-02,0.000000e+00,
952,-4.198849e-03,3.030908e-02,-3.946977e-02,2.571219e-02,6.086827e-04,-3.344171e-03,0.000000e+00,2.164624e-03,-7.679671e-03,8.535425e-03,-4.025012e-02,6.091769e-02,0.000000e+00,
953,-4.225340e-03,3.045159e-02,-3.965473e-02,2.583514e-02,6.015606e-04,-3.336001e-03,0.000000e+00,2.147161e-03,-7.638445e-03,8.494434e-03,-4.009238e-02,6.062513e-02,0.000000e+00,
954,-4.250378e-03,3.058548e-02,-3.982849e-02,2.595076e-02,5.937151e-04,-3.325952e-03,0.000000e+00,2.128497e-03,-7.597182e-03,8.453616e-03,-3.993464e-02,6.033393e-02,0.000000e+00,
955,-4.274027e-03,3.071086e-02,-3.999097e-02,2.605880e-02,5.861360e-04,-3.315777e-03,0.000000e+00,2.110113e-03,-7.556256e-03,8.413085e-03,-3.977706e-02,6.004410e-02,0.000000e+00,
956,-4.295713e-03,3.082469e-02,-4.013801e-02,2.615630e-02,5.801302e-04,-3.307580e-03,0.000000e+00,2.093745e-03,-7.516007e-03,8.372942e-03,-3.961958e-02,5.975564e-02,0.000000e+00,
957,-4.315440e-03,3.092706e-02,-4.026991e-02,2.624364e-02,5.747455e-04,-3.299713e-03,0.000000e+00,2.078027e-03,-7.476126e-03,8.333134e-03,-3.946215e-02,5.946853e-02,0.000000e+00,
958,-4.332602e-03,3.101498e-02,-4.038274e-02,2.631822e-02,5.703365e-04,-3.292632e-03,0.000000e+00,2.063324e-03,-7.436640e-03,8.293709e-03,-3.930464e-02,5.918278e-02,0.000000e+00,
959,-4.347166e-03,3.108824e-02,-4.047610e-02,2.637958e-02,5.678605e-04,-3.287981e-03,0.000000e+00,2.050998e-03,-7.397849e-03,8.254715e-03,-3.914707e-02,5.889838e-02,0.000000e+00,
960,-4.359694e-03,3.114974e-02,-4.055383e-02,2.643028e-02,5.669493e-04,-3.285273e-03,0.000000e+00,2.040648e-03,-7.359705e-03,8.216090e-03,-3.898953e-02,5.861529e-02,0.000000e+00,
961,-4.370748e-03,3.120251e-02,-4.062009e-02,2.647329e-02,5.663670e-04,-3.282561e-03,0.000000e+00,2.030697e-03,-7.321956e-03,8.177790e-03,-3.883212e-02,5.833351e-02,0.000000e+00,
962,-4.380901e-03,3.124954e-02,-4.067879e-02,2.651118e-02,5.657970e-04,-3.279452e-03,0.000000e+00,2.020818e-03,-7.284566e-03,8.139753e-03,-3.867492e-02,5.805301e-02,0.000000e+00,
963,-4.390164e-03,3.129087e-02,-4.072988e-02,2.654377e-02,5.661289e-04,-3.277492e-03,0.000000e+00,2.012285e-03,-7.247817e-03,8.102023e-03,-3.851795e-02,5.777377e-02,0.000000e+00,
964,-4.398527e-03,3.132665e-02,-4.077375e-02,2.657149e-02,5.664716e-04,-3.275148e-03,0.000000e+00,2.003816e-03,-7.211413e-03,8.064546e-03,-3.836118e-02,5.749579e-02,0.000000e+00,
965,-4.405455e-03,3.135439e-02,-4.080730e-02,2.659246e-02,5.662174e-04,-3.271209e-03,0.000000e+00,1.994362e-03,-7.175025e-03,8.027252e-03,-3.820435e-02,5.721904e-02,0.000000e+00,
966,-4.410960e-03,3.137420e-02,-4.083066e-02,2.660677e-02,5.653685e-04,-3.265652e-03,0.000000e+00,1.983857e-03,-7.138571e-03,7.990075e-03,-3.804739e-02,5.694351e-02,0.000000e+00,
967,-4.415039e-03,3.138601e-02,-4.084365e-02,2.661412e-02,5.647564e-04,-3.259919e-03,0.000000e+00,1.973485e-03,-7.102307e-03,7.953052e-03,-3.789032e-02,5.666918e-02,0.000000e+00,
968,-4.418254e-03,3.139271e-02,-4.085003e-02,2.661704e-02,5.639950e-04,-3.253497e-03,0.000000e+00,1.962818e-03,-7.066175e-03,7.916123e-03,-3.773322e-02,5.639603e-02,0.000000e+00,
969,-4.420628e-03,3.139440e-02,-4.084994e-02,2.661561e-02,5.631310e-04,-3.246474e-03,0.000000e+00,1.951922e-03,-7.030182e-03,7.879286e-03,-3.757606e-02,5.612405e-02,0.000000e+00,
970,-4.422707e-03,3.139385e-02,-4.084697e-02,2.661221e-02,5.619364e-04,-3.238627e-03,0.000000e+00,1.940624e-03,-6.994356e-03,7.842537e-03,-3.741903e-02,5.585322e-02,0.000000e+00,
971,-4.424496e-03,3.139113e-02,-4.084123e-02,2.660691e-02,5.604656e-04,-3.230058e-03,0.000000e+00,1.928998e-03,-6.958705e-03,7.805877e-03,-3.726211e-02,5.558354e-02,0.000000e+00,
972,-4.426010e-03,3.138647e-02,-4.083313e-02,2.660012e-02,5.580373e-04,-3.219621e-03,0.000000e+00,1.916098e-03,-6.923036e-03,7.769309e-03,-3.710538e-02,5.531501e-02,0.000000e+00,
973,-4.427650e-03,3.138060e-02,-4.082318e-02,2.659222e-02,5.550249e-04,-3.208296e-03,0.000000e+00,1.902827e-03,-6.887589e-03,7.732860e-03,-3.694887e-02,5.504761e-02,0.000000e+00,
974,-4.429784e-03,3.137425e-02,-4.081189e-02,2.658348e-02,5.515422e-04,-3.196308e-03,0.000000e+00,1.889369e-03,-6.852420e-03,7.696558e-03,-3.679265e-02,5.478135e-02,0.000000e+00,
975,-4.432744e-03,3.136805e-02,-4.079969e-02,2.657415e-02,5.476748e-04,-3.183814e-03,0.000000e+00,1.875829e-03,-6.817537e-03,7.660387e-03,-3.663672e-02,5.451621e-02,0.000000e+00,
976,-4.436897e-03,3.136265e-02,-4.078693e-02,2.656434e-02,5.444146e-04,-3.172836e-03,0.000000e+00,1.863973e-03,-6.783387e-03,7.624437e-03,-3.648120e-02,5.425218e-02,0.000000e+00,
977,-4.442060e-03,3.135706e-02,-4.077240e-02,2.655332e-02,5.418787e-04,-3.163540e-03,0.000000e+00,1.853908e-03,-6.749941e-03,7.588677e-03,-3.632595e-02,5.398924e-02,0.000000e+00,
978,-4.447680e-03,3.134980e-02,-4.075485e-02,2.654045e-02,5.391397e-04,-3.153986e-03,0.000000e+00,1.843904e-03,-6.716740e-03,7.553050e-03,-3.617087e-02,5.372738e-02,0.000000e+00,
979,-4.453241e-03,3.133934e-02,-4.073276e-02,2.652483e-02,5.362746e-04,-3.144270e-03,0.000000e+00,1.834025e-03,-6.683750e-03,7.517538e-03,-3.601582e-02,5.346658e-02,0.000000e+00,
980,-4.458322e-03,3.132421e-02,-4.070453e-02,2.650546e-02,5.342604e-04,-3.136346e-03,0.000000e+00,1.825989e-03,-6.651375e-03,7.482224e-03,-3.586081e-02,5.320683e-02,0.000000e+00,
981,-4.462170e-03,3.130259e-02,-4.066864e-02,2.648153e-02,5.322010e-04,-3.128361e-03,0.000000e+00,1.818166e-03,-6.619176e-03,7.447027e-03,-3.570563e-02,5.294812e-02,0.000000e+00,
982,-4.464576e-03,3.127419e-02,-4.062502e-02,2.645303e-02,5.299884e-04,-3.120137e-03,0.000000e+00,1.810429e-03,-6.587132e-03,7.411943e-03,-3.555025e-02,5.269042e-02,0.000000e+00,
983,-4.465223e-03,3.123837e-02,-4.057319e-02,2.641972e-02,5.275047e-04,-3.111465e-03,0.000000e+00,1.802627e-03,-6.555214e-03,7.376968e-03,-3.539460e-02,5.243371e-02,0.000000e+00,
984,-4.464366e-03,3.119631e-02,-4.051453e-02,2.638243e-02,5.245309e-04,-3.101988e-03,0.000000e+00,1.794484e-03,-6.523386e-03,7.342065e-03,-3.523866e-02,5.217797e-02,0.000000e+00,
985,-4.462149e-03,3.114900e-02,-4.045040e-02,2.634207e-02,5.199834e-04,-3.089564e-03,0.000000e+00,1.784142e-03,-6.491215e-03,7.307146e-03,-3.508238e-02,5.192316e-02,0.000000e+00,
986,-4.458968e-03,3.109770e-02,-4.038205e-02,2.629935e-02,5.137567e-04,-3.074006e-03,0.000000e+00,1.771444e-03,-6.458674e-03,7.272173e-03,-3.492572e-02,5.166927e-02,0.000000e+00,
987,-4.454775e-03,3.104150e-02,-4.030796e-02,2.625316e-02,5.060553e-04,-3.055556e-03,0.000000e+00,1.756570e-03,-6.425767e-03,7.237149e-03,-3.476862e-02,5.141628e-02,0.000000e+00,
988,-4.450034e-03,3.098184e-02,-4.022944e-02,2.620417e-02,4.979248e-04,-3.036358e-03,0.000000e+00,1.741397e-03,-6.392963e-03,7.202121e-03,-3.461114e-02,5.116417e-02,0.000000e+00,
989,-4.444617e-03,3.091832e-02,-4.014597e-02,2.615198e-02,4.904692e-04,-3.018613e-03,0.000000e+00,1.727831e-03,-6.360706e-03,7.167159e-03,-3.445332e-02,5.091292e-02,0.000000e+00,
990,-4.437973e-03,3.084831e-02,-4.005420e-02,2.609431e-02,4.841122e-04,-3.002790e-03,0.000000e+00,1.716201e-03,-6.328973e-03,7.132253e-03,-3.429495e-02,5.066251e-02,0.000000e+00,
991,-4.429848e-03,3.077063e-02,-3.995277e-02,2.603033e-02,4.790585e-04,-2.989240e-03,0.000000e+00,1.706791e-03,-6.297816e-03,7.097455e-03,-3.413605e-02,5.041294e-02,0.000000e+00,
992,-4.420879e-03,3.068727e-02,-3.984369e-02,2.596118e-02,4.753670e-04,-2.978039e-03,0.000000e+00,1.699643e-03,-6.267272e-03,7.062765e-03,-3.397671e-02,5.016420e-02,0.000000e+00,
993,-4.410979e-03,3.059761e-02,-3.972631e-02,2.588657e-02,4.721004e-04,-2.967260e-03,0.000000e+00,1.693051e-03,-6.236914e-03,7.028147e-03,-3.381687e-02,4.991627e-02,0.000000e+00,
994,-4.400512e-03,3.050193e-02,-3.960036e-02,2.580617e-02,4.684803e-04,-2.955128e-03,0.000000e+00,1.685428e-03,-6.206354e-03,6.993561e-03,-3.365649e-02,4.966914e-02,0.000000e+00,
995,-4.389565e-03,3.040142e-02,-3.946775e-02,2.572143e-02,4.641522e-04,-2.941262e-03,0.000000e+00,1.676499e-03,-6.175570e-03,6.958981e-03,-3.349560e-02,4.942280e-02,0.000000e+00,
996,-4.378553e-03,3.029773e-02,-3.933034e-02,2.563349e-02,4.588720e-04,-2.925272e-03,0.000000e+00,1.665947e-03,-6.144502e-03,6.924333e-03,-3.333413e-02,4.917720e-02,0.000000e+00,
997,-4.367413e-03,3.019143e-02,-3.918930e-02,2.554330e-02,4.522523e-04,-2.906647e-03,0.000000e+00,1.653383e-03,-6.113077e-03,6.889556e-03,-3.317200e-02,4.893232e-02,0.000000e+00,
998,-4.355925e-03,3.008134e-02,-3.904296e-02,2.544969e-02,4.443190e-04,-2.885317e-03,0.000000e+00,1.638754e-03,-6.081253e-03,6.854631e-03,-3.300907e-02,4.868814e-02,0.000000e+00,
999,-4.343305e-03,2.996505e-02,-3.888882e-02,2.535120e-02,4.350974e-04,-2.861345e-03,0.000000e+00,1.622149e-03,-6.049050e-03,6.819595e-03,-3.284524e-02,4.844464e-02,0.000000e+00,
1000,-4.327066e-03,2.983694e-02,-3.872150e-02,2.524373e-02,4.284586e-04,-2.841337e-03,0.000000e+00,1.609166e-03,-6.017892e-03,6.785048e-03,-3.268174e-02,4.820233e-02,0.000000e+00,
